concat,road_name_number,super_sub_area,sub_area,area,city
"1,",Solimuddin Market Road,,Ahmed Nagar,Mirpur,Dhaka
"1/1,",Al Madina Road,East Ahmed Nagar,Ahmed Nagar,Mirpur,Dhaka
"1/1/2,",Al Madina Road,East Ahmed Nagar,Ahmed Nagar,Mirpur,Dhaka
"1/1/A/1,",Al Madina Road,East Ahmed Nagar,Ahmed Nagar,Mirpur,Dhaka
"1/1/B/1,",Al Madina Road,East Ahmed Nagar,Ahmed Nagar,Mirpur,Dhaka
"1/1/D,",Al Madina Road,East Ahmed Nagar,Ahmed Nagar,Mirpur,Dhaka
"1/1/Ka,",Al Madina Road,East Ahmed Nagar,Ahmed Nagar,Mirpur,Dhaka
"1/3,",Solimuddin Market Road,,Ahmed Nagar,Mirpur,Dhaka
"1/3/B,",Al Madina Road,East Ahmed Nagar,Ahmed Nagar,Mirpur,Dhaka
"1/3/Ka,",Al Madina Road,East Ahmed Nagar,Ahmed Nagar,Mirpur,Dhaka
"1/4,",Al Madina Road,East Ahmed Nagar,Ahmed Nagar,Mirpur,Dhaka
"1/5,",Al Madina Road,East Ahmed Nagar,Ahmed Nagar,Mirpur,Dhaka
"1/6,",Al Madina Road,East Ahmed Nagar,Ahmed Nagar,Mirpur,Dhaka
"1/6/B,",Al Madina Road,East Ahmed Nagar,Ahmed Nagar,Mirpur,Dhaka
"1/7,",Al Madina Road,East Ahmed Nagar,Ahmed Nagar,Mirpur,Dhaka
"1/7/A,",,East Ahmed Nagar,Ahmed Nagar,Mirpur,Dhaka
"1/8,",,East Ahmed Nagar,Ahmed Nagar,Mirpur,Dhaka
"1/8/1,",Al Madina Road,East Ahmed Nagar,Ahmed Nagar,Mirpur,Dhaka
"1/8/2,",Al Madina Road,East Ahmed Nagar,Ahmed Nagar,Mirpur,Dhaka
"1/8/3,",Al Madina Road,East Ahmed Nagar,Ahmed Nagar,Mirpur,Dhaka
"1/8/A,",,East Ahmed Nagar,Ahmed Nagar,Mirpur,Dhaka
"1/8/E,",Al Madina Road,East Ahmed Nagar,Ahmed Nagar,Mirpur,Dhaka
"1/a,",Solimuddin Market Road,,Ahmed Nagar,Mirpur,Dhaka
"1/B/1,",Al Madina Road,East Ahmed Nagar,Ahmed Nagar,Mirpur,Dhaka
"10/1,",Al Madina Road,East Ahmed Nagar,Ahmed Nagar,Mirpur,Dhaka
"10/2,",Al Madina Road,East Ahmed Nagar,Ahmed Nagar,Mirpur,Dhaka
"10/3,",Al Madina Road,East Ahmed Nagar,Ahmed Nagar,Mirpur,Dhaka
"10/3/A,",Al Madina Road,East Ahmed Nagar,Ahmed Nagar,Mirpur,Dhaka
"10/3/B,",Al Madina Road,East Ahmed Nagar,Ahmed Nagar,Mirpur,Dhaka
"10/3/C,",Al Madina Road,East Ahmed Nagar,Ahmed Nagar,Mirpur,Dhaka
"10/A,",Al Madina Road,East Ahmed Nagar,Ahmed Nagar,Mirpur,Dhaka
"100,",,East Ahmed Nagar,Ahmed Nagar,Mirpur,Dhaka
"100/1,",,East Ahmed Nagar,Ahmed Nagar,Mirpur,Dhaka
"101,",Jonaki Road,East Ahmed Nagar,Ahmed Nagar,Mirpur,Dhaka
"101/1,",Jonaki Road,East Ahmed Nagar,Ahmed Nagar,Mirpur,Dhaka
"101/1/a,",,East Ahmed Nagar,Ahmed Nagar,Mirpur,Dhaka
"101/1/a/1,",,East Ahmed Nagar,Ahmed Nagar,Mirpur,Dhaka
"101/1/c,",,East Ahmed Nagar,Ahmed Nagar,Mirpur,Dhaka
"101/2,",Jonaki Road,East Ahmed Nagar,Ahmed Nagar,Mirpur,Dhaka
"101/2,",,East Ahmed Nagar,Ahmed Nagar,Mirpur,Dhaka
"101/2/1,",,East Ahmed Nagar,Ahmed Nagar,Mirpur,Dhaka
"101/2/a,",,East Ahmed Nagar,Ahmed Nagar,Mirpur,Dhaka
"101/2/c,",,East Ahmed Nagar,Ahmed Nagar,Mirpur,Dhaka
"101/2/c/1,",,East Ahmed Nagar,Ahmed Nagar,Mirpur,Dhaka
"101/2/c/3,",,East Ahmed Nagar,Ahmed Nagar,Mirpur,Dhaka
"101/2/e,",,East Ahmed Nagar,Ahmed Nagar,Mirpur,Dhaka
"101/2/f,",,East Ahmed Nagar,Ahmed Nagar,Mirpur,Dhaka
"101/2/g,",,East Ahmed Nagar,Ahmed Nagar,Mirpur,Dhaka
"101/3,",,East Ahmed Nagar,Ahmed Nagar,Mirpur,Dhaka
"101/4,",,East Ahmed Nagar,Ahmed Nagar,Mirpur,Dhaka
"101/a,",,East Ahmed Nagar,Ahmed Nagar,Mirpur,Dhaka
"101/b,",,East Ahmed Nagar,Ahmed Nagar,Mirpur,Dhaka
"102,",Jonaki Road,East Ahmed Nagar,Ahmed Nagar,Mirpur,Dhaka
"103,",,East Ahmed Nagar,Ahmed Nagar,Mirpur,Dhaka
"104/1,",,East Ahmed Nagar,Ahmed Nagar,Mirpur,Dhaka
"104/1/A,",,East Ahmed Nagar,Ahmed Nagar,Mirpur,Dhaka
"104/1/c,",Haji Somir Uddin Road,East Ahmed Nagar,Ahmed Nagar,Mirpur,Dhaka
"104/2,",,East Ahmed Nagar,Ahmed Nagar,Mirpur,Dhaka
"104/2/i,",Haji Somir Uddin Road,East Ahmed Nagar,Ahmed Nagar,Mirpur,Dhaka
"104/2/i/1,",Haji Somir Uddin Road,East Ahmed Nagar,Ahmed Nagar,Mirpur,Dhaka
"104/2/i/2,",Haji Somir Uddin Road,East Ahmed Nagar,Ahmed Nagar,Mirpur,Dhaka
"104/4,",,East Ahmed Nagar,Ahmed Nagar,Mirpur,Dhaka
"104/5,",Haji Somir Uddin Road,East Ahmed Nagar,Ahmed Nagar,Mirpur,Dhaka
"104/a,",,East Ahmed Nagar,Ahmed Nagar,Mirpur,Dhaka
"104/ka,",,East Ahmed Nagar,Ahmed Nagar,Mirpur,Dhaka
"106,",Jonaki Road,East Ahmed Nagar,Ahmed Nagar,Mirpur,Dhaka
"106/1,",,East Ahmed Nagar,Ahmed Nagar,Mirpur,Dhaka
"106/2,",Jonaki Road,East Ahmed Nagar,Ahmed Nagar,Mirpur,Dhaka
"107,",,East Ahmed Nagar,Ahmed Nagar,Mirpur,Dhaka
"107/1,",,East Ahmed Nagar,Ahmed Nagar,Mirpur,Dhaka
"107/1/3/b,",,East Ahmed Nagar,Ahmed Nagar,Mirpur,Dhaka
"107/2,",,East Ahmed Nagar,Ahmed Nagar,Mirpur,Dhaka
"107/3,",,East Ahmed Nagar,Ahmed Nagar,Mirpur,Dhaka
"108,",,East Ahmed Nagar,Ahmed Nagar,Mirpur,Dhaka
"108/1,",,East Ahmed Nagar,Ahmed Nagar,Mirpur,Dhaka
"108/2,",Jonaki Road,East Ahmed Nagar,Ahmed Nagar,Mirpur,Dhaka
"108/2,",,East Ahmed Nagar,Ahmed Nagar,Mirpur,Dhaka
"109,",,East Ahmed Nagar,Ahmed Nagar,Mirpur,Dhaka
"109/1,",,East Ahmed Nagar,Ahmed Nagar,Mirpur,Dhaka
"11/1/A,",Al Madina Road,East Ahmed Nagar,Ahmed Nagar,Mirpur,Dhaka
"11/1/B,",Al Madina Road,East Ahmed Nagar,Ahmed Nagar,Mirpur,Dhaka
"11/1/C/1,",Al Madina Road,East Ahmed Nagar,Ahmed Nagar,Mirpur,Dhaka
"11/1/C/2,",Al Madina Road,East Ahmed Nagar,Ahmed Nagar,Mirpur,Dhaka
"11/1/C/3,",Al Madina Road,East Ahmed Nagar,Ahmed Nagar,Mirpur,Dhaka
"11/2,",Al Madina Road,East Ahmed Nagar,Ahmed Nagar,Mirpur,Dhaka
"11/A,",Al Madina Road,East Ahmed Nagar,Ahmed Nagar,Mirpur,Dhaka
"11/B,",Al Madina Road,East Ahmed Nagar,Ahmed Nagar,Mirpur,Dhaka
"11/C,",Al Madina Road,East Ahmed Nagar,Ahmed Nagar,Mirpur,Dhaka
"11/D,",Al Madina Road,East Ahmed Nagar,Ahmed Nagar,Mirpur,Dhaka
"110,",,East Ahmed Nagar,Ahmed Nagar,Mirpur,Dhaka
"110/1,",Jonaki Road,East Ahmed Nagar,Ahmed Nagar,Mirpur,Dhaka
"111,",,East Ahmed Nagar,Ahmed Nagar,Mirpur,Dhaka
"111/1,",,East Ahmed Nagar,Ahmed Nagar,Mirpur,Dhaka
"111/2,",,East Ahmed Nagar,Ahmed Nagar,Mirpur,Dhaka
"111/3,",,East Ahmed Nagar,Ahmed Nagar,Mirpur,Dhaka
"111/3/A,",,East Ahmed Nagar,Ahmed Nagar,Mirpur,Dhaka
"111/5,",,East Ahmed Nagar,Ahmed Nagar,Mirpur,Dhaka
"111/5/A,",,East Ahmed Nagar,Ahmed Nagar,Mirpur,Dhaka
"111/6,",Jonaki Road,East Ahmed Nagar,Ahmed Nagar,Mirpur,Dhaka
"111/6/A,",,East Ahmed Nagar,Ahmed Nagar,Mirpur,Dhaka
"111/6/B,",,East Ahmed Nagar,Ahmed Nagar,Mirpur,Dhaka
"111/6/C,",,East Ahmed Nagar,Ahmed Nagar,Mirpur,Dhaka
"111/6/d,",,East Ahmed Nagar,Ahmed Nagar,Mirpur,Dhaka
"111/6/E,",,East Ahmed Nagar,Ahmed Nagar,Mirpur,Dhaka
"111/6/F,",,East Ahmed Nagar,Ahmed Nagar,Mirpur,Dhaka
"111/6/G,",,East Ahmed Nagar,Ahmed Nagar,Mirpur,Dhaka
"111/7,",,East Ahmed Nagar,Ahmed Nagar,Mirpur,Dhaka
"111/8,",,East Ahmed Nagar,Ahmed Nagar,Mirpur,Dhaka
"111/8/A,",,East Ahmed Nagar,Ahmed Nagar,Mirpur,Dhaka
"112,",,East Ahmed Nagar,Ahmed Nagar,Mirpur,Dhaka
"112/2,",Jonaki Road,East Ahmed Nagar,Ahmed Nagar,Mirpur,Dhaka
"112/3,",Jonaki Road,East Ahmed Nagar,Ahmed Nagar,Mirpur,Dhaka
"112/4,",Jonaki Road,East Ahmed Nagar,Ahmed Nagar,Mirpur,Dhaka
"112/5,",Jonaki Road,East Ahmed Nagar,Ahmed Nagar,Mirpur,Dhaka
"112/5/A,",Jonaki Road,East Ahmed Nagar,Ahmed Nagar,Mirpur,Dhaka
"112/5/A,",,East Ahmed Nagar,Ahmed Nagar,Mirpur,Dhaka
"112/6,",Jonaki Road,East Ahmed Nagar,Ahmed Nagar,Mirpur,Dhaka
"112/7,",Jonaki Road,East Ahmed Nagar,Ahmed Nagar,Mirpur,Dhaka
"113/1/2,",Kakoli Road,Paikpara,Ahmed Nagar,Mirpur,Dhaka
"113/1/a,",,Paikpara,Ahmed Nagar,Mirpur,Dhaka
"113/2/A,",Kakoli Road,Paikpara,Ahmed Nagar,Mirpur,Dhaka
"113/2/a/1,",Baishakhi Road,Paikpara,Ahmed Nagar,Mirpur,Dhaka
"113/2/c,",Baishakhi Road,Paikpara,Ahmed Nagar,Mirpur,Dhaka
"114,",Jonaki Road,,Ahmed Nagar,Mirpur,Dhaka
"114/1,",,East Ahmed Nagar,Ahmed Nagar,Mirpur,Dhaka
"114/1/c/2,",Jonaki Road,East Ahmed Nagar,Ahmed Nagar,Mirpur,Dhaka
"114/1/d,",Jonaki Road,East Ahmed Nagar,Ahmed Nagar,Mirpur,Dhaka
"114/1/f,",Jonaki Road,East Ahmed Nagar,Ahmed Nagar,Mirpur,Dhaka
"114/2,",,East Ahmed Nagar,Ahmed Nagar,Mirpur,Dhaka
"114/3,",,East Ahmed Nagar,Ahmed Nagar,Mirpur,Dhaka
"114/a,",Jonaki Road,East Ahmed Nagar,Ahmed Nagar,Mirpur,Dhaka
"115,",Jonaki Road,East Ahmed Nagar,Ahmed Nagar,Mirpur,Dhaka
"115,",Rajanigondha Road,,Ahmed Nagar,Mirpur,Dhaka
"116,",Jonaki Road,East Ahmed Nagar,Ahmed Nagar,Mirpur,Dhaka
"117,",Jonaki Road,East Ahmed Nagar,Ahmed Nagar,Mirpur,Dhaka
"117/a,",Jonaki Road,,Ahmed Nagar,Mirpur,Dhaka
"117/a,",Rajanigondha Road,,Ahmed Nagar,Mirpur,Dhaka
"118/1,",Jonaki Road,East Ahmed Nagar,Ahmed Nagar,Mirpur,Dhaka
"118/1/B/1,",Isa Kha Road,,Ahmed Nagar,Mirpur,Dhaka
"118/2,",Jonaki Road,East Ahmed Nagar,Ahmed Nagar,Mirpur,Dhaka
"118/3,",Jonaki Road,East Ahmed Nagar,Ahmed Nagar,Mirpur,Dhaka
"118/a,",Jonaki Road,East Ahmed Nagar,Ahmed Nagar,Mirpur,Dhaka
"118/a,",Rajanigondha Road,,Ahmed Nagar,Mirpur,Dhaka
"118/b,",Jonaki Road,East Ahmed Nagar,Ahmed Nagar,Mirpur,Dhaka
"12/2/1,",Al Madina Road,East Ahmed Nagar,Ahmed Nagar,Mirpur,Dhaka
"12/A,",Al Madina Road,East Ahmed Nagar,Ahmed Nagar,Mirpur,Dhaka
"12/C,",Al Madina Road,East Ahmed Nagar,Ahmed Nagar,Mirpur,Dhaka
"12/D,",Al Madina Road,East Ahmed Nagar,Ahmed Nagar,Mirpur,Dhaka
"121,",Jonaki Road,East Ahmed Nagar,Ahmed Nagar,Mirpur,Dhaka
"121/1,",Jonaki Road,East Ahmed Nagar,Ahmed Nagar,Mirpur,Dhaka
"121/2,",Jonaki Road,East Ahmed Nagar,Ahmed Nagar,Mirpur,Dhaka
"121/2/a,",Jonaki Road,East Ahmed Nagar,Ahmed Nagar,Mirpur,Dhaka
"121/3,",Jonaki Road,East Ahmed Nagar,Ahmed Nagar,Mirpur,Dhaka
"121/4,",Jonaki Road,East Ahmed Nagar,Ahmed Nagar,Mirpur,Dhaka
"121/5,",Jonaki Road,East Ahmed Nagar,Ahmed Nagar,Mirpur,Dhaka
"121/6,",Jonaki Road,East Ahmed Nagar,Ahmed Nagar,Mirpur,Dhaka
"121/7,",Jonaki Road,East Ahmed Nagar,Ahmed Nagar,Mirpur,Dhaka
"122,",Jonaki Road,East Ahmed Nagar,Ahmed Nagar,Mirpur,Dhaka
"122/1,",Syed Ali Road,East Ahmed Nagar,Ahmed Nagar,Mirpur,Dhaka
"122/2,",Syed Ali Road,East Ahmed Nagar,Ahmed Nagar,Mirpur,Dhaka
"122/3,",Syed Ali Road,East Ahmed Nagar,Ahmed Nagar,Mirpur,Dhaka
"122/4,",Jonaki Road,East Ahmed Nagar,Ahmed Nagar,Mirpur,Dhaka
"123,",Jonaki Road,East Ahmed Nagar,Ahmed Nagar,Mirpur,Dhaka
"124,",Jonaki Road,East Ahmed Nagar,Ahmed Nagar,Mirpur,Dhaka
"124/1,",Jonaki Road,East Ahmed Nagar,Ahmed Nagar,Mirpur,Dhaka
"124/ka,",Jonaki Road,East Ahmed Nagar,Ahmed Nagar,Mirpur,Dhaka
"125,",Jonaki Road,East Ahmed Nagar,Ahmed Nagar,Mirpur,Dhaka
"128,",Jonaki Road,East Ahmed Nagar,Ahmed Nagar,Mirpur,Dhaka
"128/1,",Jonaki Road,East Ahmed Nagar,Ahmed Nagar,Mirpur,Dhaka
"128/1/A,",Jonaki Road,East Ahmed Nagar,Ahmed Nagar,Mirpur,Dhaka
"128/2,",Jonaki Road,East Ahmed Nagar,Ahmed Nagar,Mirpur,Dhaka
"128/C,",,,Ahmed Nagar,Mirpur,Dhaka
"129/1,",Jonaki Road,East Ahmed Nagar,Ahmed Nagar,Mirpur,Dhaka
"129/1/B,",,Habuler Pukur Par,Ahmed Nagar,Mirpur,Dhaka
"129/1/D,",Purnima Road,,Ahmed Nagar,Mirpur,Dhaka
"129/1/D,",,Habuler Pukur Par,Ahmed Nagar,Mirpur,Dhaka
"129/1/D/1,",,Habuler Pukur Par,Ahmed Nagar,Mirpur,Dhaka
"129/1/E,",,Habuler Pukur Par,Ahmed Nagar,Mirpur,Dhaka
"129/1/F/1,",,Habuler Pukur Par,Ahmed Nagar,Mirpur,Dhaka
"129/2,",Jonaki Road,East Ahmed Nagar,Ahmed Nagar,Mirpur,Dhaka
"129/3,",Syed Ali Road,East Ahmed Nagar,Ahmed Nagar,Mirpur,Dhaka
"129/4,",Jonaki Road,,Ahmed Nagar,Mirpur,Dhaka
"129/4,",Syed Ali Road,East Ahmed Nagar,Ahmed Nagar,Mirpur,Dhaka
"13,",Al Madina Road,East Ahmed Nagar,Ahmed Nagar,Mirpur,Dhaka
"13/1,",Al Madina Road,East Ahmed Nagar,Ahmed Nagar,Mirpur,Dhaka
"13/2,",Al Madina Road,East Ahmed Nagar,Ahmed Nagar,Mirpur,Dhaka
"13/3,",Al Madina Road,East Ahmed Nagar,Ahmed Nagar,Mirpur,Dhaka
"130,",Syed Ali Road,East Ahmed Nagar,Ahmed Nagar,Mirpur,Dhaka
"130/1,",South Jonaki Road,East Ahmed Nagar,Ahmed Nagar,Mirpur,Dhaka
"130/2,",Purnima Road,,Ahmed Nagar,Mirpur,Dhaka
"130/3/A,",South Jonaki Road,East Ahmed Nagar,Ahmed Nagar,Mirpur,Dhaka
"130/3/B,",South Jonaki Road,East Ahmed Nagar,Ahmed Nagar,Mirpur,Dhaka
"130/4 /C,",Purnima Road,,Ahmed Nagar,Mirpur,Dhaka
"130/4,",Purnima Road,,Ahmed Nagar,Mirpur,Dhaka
"130/5,",Purnima Road,,Ahmed Nagar,Mirpur,Dhaka
"130/A,",Syed Ali Road,East Ahmed Nagar,Ahmed Nagar,Mirpur,Dhaka
"131,",Syed Ali Road,East Ahmed Nagar,Ahmed Nagar,Mirpur,Dhaka
"131/1,",Syed Ali Road,East Ahmed Nagar,Ahmed Nagar,Mirpur,Dhaka
"131/1/A,",Jonaki Road,,Ahmed Nagar,Mirpur,Dhaka
"131/2,",Jonaki Road,East Ahmed Nagar,Ahmed Nagar,Mirpur,Dhaka
"131/2/A,",,,Ahmed Nagar,Mirpur,Dhaka
"131/2/B,",Jonaki Road,East Ahmed Nagar,Ahmed Nagar,Mirpur,Dhaka
"131/3,",Jonaki Road,East Ahmed Nagar,Ahmed Nagar,Mirpur,Dhaka
"131/A,",Syed Ali Road,East Ahmed Nagar,Ahmed Nagar,Mirpur,Dhaka
"132,",Syed Ali Road,East Ahmed Nagar,Ahmed Nagar,Mirpur,Dhaka
"132/1 /C,",Syed Ali Road,East Ahmed Nagar,Ahmed Nagar,Mirpur,Dhaka
"132/1,",Syed Ali Road,East Ahmed Nagar,Ahmed Nagar,Mirpur,Dhaka
"132/1/A,",Syed Ali Road,East Ahmed Nagar,Ahmed Nagar,Mirpur,Dhaka
"132/1/b,",Syed Ali Road,East Ahmed Nagar,Ahmed Nagar,Mirpur,Dhaka
"132/1/D,",Syed Ali Road,East Ahmed Nagar,Ahmed Nagar,Mirpur,Dhaka
"133,",Syed Ali Road,East Ahmed Nagar,Ahmed Nagar,Mirpur,Dhaka
"133/1,",Syed Ali Road,East Ahmed Nagar,Ahmed Nagar,Mirpur,Dhaka
"134,",Jonaki Road,,Ahmed Nagar,Mirpur,Dhaka
"135,",,,Ahmed Nagar,Mirpur,Dhaka
"135/1,",,,Ahmed Nagar,Mirpur,Dhaka
"135/10,",Jonaki Road,,Ahmed Nagar,Mirpur,Dhaka
"135/11,",Jonaki Road,,Ahmed Nagar,Mirpur,Dhaka
"135/11/D,",Jonaki Road,,Ahmed Nagar,Mirpur,Dhaka
"135/11/D,",South Jonaki Road,East Ahmed Nagar,Ahmed Nagar,Mirpur,Dhaka
"135/13,",Jonaki Road,,Ahmed Nagar,Mirpur,Dhaka
"135/13/A,",Jonaki Road,,Ahmed Nagar,Mirpur,Dhaka
"135/13/A/1,",Jonaki Road,,Ahmed Nagar,Mirpur,Dhaka
"135/2/a,",South Jonaki Road,East Ahmed Nagar,Ahmed Nagar,Mirpur,Dhaka
"135/3,",Jonaki Road,,Ahmed Nagar,Mirpur,Dhaka
"135/3,",South Jonaki Road,East Ahmed Nagar,Ahmed Nagar,Mirpur,Dhaka
"135/3/C/1,",South Jonaki Road,East Ahmed Nagar,Ahmed Nagar,Mirpur,Dhaka
"135/3/C/3,",Jonaki Road,,Ahmed Nagar,Mirpur,Dhaka
"135/4,",South Jonaki Road,East Ahmed Nagar,Ahmed Nagar,Mirpur,Dhaka
"135/5,",South Jonaki Road,East Ahmed Nagar,Ahmed Nagar,Mirpur,Dhaka
"135/6,",Jonaki Road,,Ahmed Nagar,Mirpur,Dhaka
"135/6,",South Jonaki Road,East Ahmed Nagar,Ahmed Nagar,Mirpur,Dhaka
"135/7,",Jonaki Road,,Ahmed Nagar,Mirpur,Dhaka
"135/8,",Jonaki Road,,Ahmed Nagar,Mirpur,Dhaka
"135/8/2/1,",Jonaki Road,,Ahmed Nagar,Mirpur,Dhaka
"135/8/2/1,",South Jonaki Road,East Ahmed Nagar,Ahmed Nagar,Mirpur,Dhaka
"135/8/2/Ka,",Jonaki Road,,Ahmed Nagar,Mirpur,Dhaka
"135/8/2/KA,",Jonaki Road,East Ahmed Nagar,Ahmed Nagar,Mirpur,Dhaka
"135/8/4,",Jonaki Road,,Ahmed Nagar,Mirpur,Dhaka
"135/8/4,",South Jonaki Road,East Ahmed Nagar,Ahmed Nagar,Mirpur,Dhaka
"135/8/6,",Jonaki Road,,Ahmed Nagar,Mirpur,Dhaka
"135/8/6,",South Jonaki Road,East Ahmed Nagar,Ahmed Nagar,Mirpur,Dhaka
"135/8/8,",Jonaki Road,,Ahmed Nagar,Mirpur,Dhaka
"135/8/8/A,",Jonaki Road,,Ahmed Nagar,Mirpur,Dhaka
"135/8/C,",Jonaki Road,,Ahmed Nagar,Mirpur,Dhaka
"135/8/F,",Jonaki Road,,Ahmed Nagar,Mirpur,Dhaka
"135/9,",Jonaki Road,,Ahmed Nagar,Mirpur,Dhaka
"135/A,",Jonaki Road,,Ahmed Nagar,Mirpur,Dhaka
"135/A/2,",South Jonaki Road,,Ahmed Nagar,Mirpur,Dhaka
"136/2,",Syed Ali Road,East Ahmed Nagar,Ahmed Nagar,Mirpur,Dhaka
"136/2/A,",Syed Ali Road,East Ahmed Nagar,Ahmed Nagar,Mirpur,Dhaka
"136/KHA,",Syed Ali Road,East Ahmed Nagar,Ahmed Nagar,Mirpur,Dhaka
"137,",Syed Ali Road,East Ahmed Nagar,Ahmed Nagar,Mirpur,Dhaka
"137/1,",Syed Ali Road,East Ahmed Nagar,Ahmed Nagar,Mirpur,Dhaka
"137/A,",Syed Ali Road,East Ahmed Nagar,Ahmed Nagar,Mirpur,Dhaka
"137/B,",Syed Ali Road,East Ahmed Nagar,Ahmed Nagar,Mirpur,Dhaka
"138,",Syed Ali Road,East Ahmed Nagar,Ahmed Nagar,Mirpur,Dhaka
"138/8/a,",South Jonaki Road,East Ahmed Nagar,Ahmed Nagar,Mirpur,Dhaka
"138/8/f,",South Jonaki Road,,Ahmed Nagar,Mirpur,Dhaka
"14,",Al Madina Road,East Ahmed Nagar,Ahmed Nagar,Mirpur,Dhaka
"14/1,",Al Madina Road,East Ahmed Nagar,Ahmed Nagar,Mirpur,Dhaka
"14/1/A,",Al Madina Road,East Ahmed Nagar,Ahmed Nagar,Mirpur,Dhaka
"14/1/B,",Al Madina Road,East Ahmed Nagar,Ahmed Nagar,Mirpur,Dhaka
"14/1/C,",Al Madina Road,East Ahmed Nagar,Ahmed Nagar,Mirpur,Dhaka
"14/2,",Al Madina Road,East Ahmed Nagar,Ahmed Nagar,Mirpur,Dhaka
"14/3,",Al Madina Road,East Ahmed Nagar,Ahmed Nagar,Mirpur,Dhaka
"14/4,",,East Ahmed Nagar,Ahmed Nagar,Mirpur,Dhaka
"141,",South Jonaki Road,East Ahmed Nagar,Ahmed Nagar,Mirpur,Dhaka
"141/1,",South Jonaki Road,East Ahmed Nagar,Ahmed Nagar,Mirpur,Dhaka
"142,",South Jonaki Road,East Ahmed Nagar,Ahmed Nagar,Mirpur,Dhaka
"142/1,",South Jonaki Road,East Ahmed Nagar,Ahmed Nagar,Mirpur,Dhaka
"142/1/A,",South Jonaki Road,East Ahmed Nagar,Ahmed Nagar,Mirpur,Dhaka
"142/1/B,",Jonaki Road,East Ahmed Nagar,Ahmed Nagar,Mirpur,Dhaka
"142/1/B,",South Jonaki Road,East Ahmed Nagar,Ahmed Nagar,Mirpur,Dhaka
"142/1/KA,",Jonaki Road,East Ahmed Nagar,Ahmed Nagar,Mirpur,Dhaka
"142/1/KA/C,",Jonaki Road,,Ahmed Nagar,Mirpur,Dhaka
"142/2,",South Jonaki Road,East Ahmed Nagar,Ahmed Nagar,Mirpur,Dhaka
"142/3,",Jonaki Road,East Ahmed Nagar,Ahmed Nagar,Mirpur,Dhaka
"142/4,",Jonaki Road,,Ahmed Nagar,Mirpur,Dhaka
"143,",South Jonaki Road,East Ahmed Nagar,Ahmed Nagar,Mirpur,Dhaka
"144/10,",Jonaki Road,,Ahmed Nagar,Mirpur,Dhaka
"144/2,",South Jonaki Road,East Ahmed Nagar,Ahmed Nagar,Mirpur,Dhaka
"144/3,",Syed Ali Road,East Ahmed Nagar,Ahmed Nagar,Mirpur,Dhaka
"144/4,",South Jonaki Road,East Ahmed Nagar,Ahmed Nagar,Mirpur,Dhaka
"145,",South Jonaki Road,East Ahmed Nagar,Ahmed Nagar,Mirpur,Dhaka
"146,",Purnima Road,,Ahmed Nagar,Mirpur,Dhaka
"146/1,",Purnima Road,,Ahmed Nagar,Mirpur,Dhaka
"146/2,",Purnima Road,,Ahmed Nagar,Mirpur,Dhaka
"146/2,",,,Ahmed Nagar,Mirpur,Dhaka
"147,",Purnima Road,,Ahmed Nagar,Mirpur,Dhaka
"147/1,",Purnima Road,,Ahmed Nagar,Mirpur,Dhaka
"147/A,",Purnima Road,,Ahmed Nagar,Mirpur,Dhaka
"147/B,",Purnima Road,,Ahmed Nagar,Mirpur,Dhaka
"148,",Purnima Road,,Ahmed Nagar,Mirpur,Dhaka
"148/1/D,",,Habuler Pukur Par,Ahmed Nagar,Mirpur,Dhaka
"148/10,",,Habuler Pukur Par,Ahmed Nagar,Mirpur,Dhaka
"148/1A/2,",,Habuler Pukur Par,Ahmed Nagar,Mirpur,Dhaka
"148/2,",Purnima Road,,Ahmed Nagar,Mirpur,Dhaka
"148/3,",Purnima Road,,Ahmed Nagar,Mirpur,Dhaka
"148/3,",,Habuler Pukur Par,Ahmed Nagar,Mirpur,Dhaka
"148/4,",,Habuler Pukur Par,Ahmed Nagar,Mirpur,Dhaka
"148/5,",,Habuler Pukur Par,Ahmed Nagar,Mirpur,Dhaka
"148/6,",,Habuler Pukur Par,Ahmed Nagar,Mirpur,Dhaka
"148/6/A,",,Habuler Pukur Par,Ahmed Nagar,Mirpur,Dhaka
"148/6/A/1,",,Habuler Pukur Par,Ahmed Nagar,Mirpur,Dhaka
"148/6/A/4,",,Habuler Pukur Par,Ahmed Nagar,Mirpur,Dhaka
"148/Ka,",,Habuler Pukur Par,Ahmed Nagar,Mirpur,Dhaka
"148/Ka/1,",,Habuler Pukur Par,Ahmed Nagar,Mirpur,Dhaka
"149/1,",,,Ahmed Nagar,Mirpur,Dhaka
"15/1,",,East Ahmed Nagar,Ahmed Nagar,Mirpur,Dhaka
"15/2,",,East Ahmed Nagar,Ahmed Nagar,Mirpur,Dhaka
"15/3,",,East Ahmed Nagar,Ahmed Nagar,Mirpur,Dhaka
"15/3/2,",Al Madina Road,East Ahmed Nagar,Ahmed Nagar,Mirpur,Dhaka
"15/3/A,",Al Madina Road,East Ahmed Nagar,Ahmed Nagar,Mirpur,Dhaka
"15/3/A/1,",Al Madina Road,East Ahmed Nagar,Ahmed Nagar,Mirpur,Dhaka
"15/3/A/2,",Al Madina Road,East Ahmed Nagar,Ahmed Nagar,Mirpur,Dhaka
"15/3/C,",Al Madina Road,East Ahmed Nagar,Ahmed Nagar,Mirpur,Dhaka
"15/3/D,",Al Madina Road,East Ahmed Nagar,Ahmed Nagar,Mirpur,Dhaka
"15/3/E/F,",Al Madina Road,East Ahmed Nagar,Ahmed Nagar,Mirpur,Dhaka
"15/3/Ga,",,East Ahmed Nagar,Ahmed Nagar,Mirpur,Dhaka
"15/3/Ga/1,",,East Ahmed Nagar,Ahmed Nagar,Mirpur,Dhaka
"15/3/Ga/2,",,East Ahmed Nagar,Ahmed Nagar,Mirpur,Dhaka
"15/3/I,",Al Madina Road,East Ahmed Nagar,Ahmed Nagar,Mirpur,Dhaka
"15/3/KA,",,East Ahmed Nagar,Ahmed Nagar,Mirpur,Dhaka
"150,",Akbar Ali Road,,Ahmed Nagar,Mirpur,Dhaka
"150,",,,Ahmed Nagar,Mirpur,Dhaka
"151/1,",Jonaki Road,East Ahmed Nagar,Ahmed Nagar,Mirpur,Dhaka
"151/1/81,",,Habuler Pukur Par,Ahmed Nagar,Mirpur,Dhaka
"151/1/A,",Jonaki Road,East Ahmed Nagar,Ahmed Nagar,Mirpur,Dhaka
"151/1/B,",Jonaki Road,East Ahmed Nagar,Ahmed Nagar,Mirpur,Dhaka
"151/1/C,",Jonaki Road,East Ahmed Nagar,Ahmed Nagar,Mirpur,Dhaka
"151/1/d,",Jonaki Road,East Ahmed Nagar,Ahmed Nagar,Mirpur,Dhaka
"151/1/e,",Jonaki Road,,Ahmed Nagar,Mirpur,Dhaka
"151/1/E,",Jonaki Road,East Ahmed Nagar,Ahmed Nagar,Mirpur,Dhaka
"151/1/G,",,Habuler Pukur Par,Ahmed Nagar,Mirpur,Dhaka
"151/1/H,",,Habuler Pukur Par,Ahmed Nagar,Mirpur,Dhaka
"151/1/H/1,",,Habuler Pukur Par,Ahmed Nagar,Mirpur,Dhaka
"151/1/I,",,Habuler Pukur Par,Ahmed Nagar,Mirpur,Dhaka
"151/1/I/A,",,Habuler Pukur Par,Ahmed Nagar,Mirpur,Dhaka
"151/1/I/B,",,Habuler Pukur Par,Ahmed Nagar,Mirpur,Dhaka
"151/1/J,",Jonaki Road,East Ahmed Nagar,Ahmed Nagar,Mirpur,Dhaka
"151/1/J,",,Habuler Pukur Par,Ahmed Nagar,Mirpur,Dhaka
"151/1/J/2,",,Habuler Pukur Par,Ahmed Nagar,Mirpur,Dhaka
"151/1/KA,",Jonaki Road,East Ahmed Nagar,Ahmed Nagar,Mirpur,Dhaka
"151/1/T,",,Habuler Pukur Par,Ahmed Nagar,Mirpur,Dhaka
"151/2,",Jonaki Road,East Ahmed Nagar,Ahmed Nagar,Mirpur,Dhaka
"151/2/a,",Jonaki Road,East Ahmed Nagar,Ahmed Nagar,Mirpur,Dhaka
"152/1,",,East Ahmed Nagar,Ahmed Nagar,Mirpur,Dhaka
"152/2,",,East Ahmed Nagar,Ahmed Nagar,Mirpur,Dhaka
"152/3,",,East Ahmed Nagar,Ahmed Nagar,Mirpur,Dhaka
"152/4,",,East Ahmed Nagar,Ahmed Nagar,Mirpur,Dhaka
"153,",,East Ahmed Nagar,Ahmed Nagar,Mirpur,Dhaka
"153/1,",,East Ahmed Nagar,Ahmed Nagar,Mirpur,Dhaka
"154,",,East Ahmed Nagar,Ahmed Nagar,Mirpur,Dhaka
"154/2,",,East Ahmed Nagar,Ahmed Nagar,Mirpur,Dhaka
"155/1,",,East Ahmed Nagar,Ahmed Nagar,Mirpur,Dhaka
"155/1/a,",,East Ahmed Nagar,Ahmed Nagar,Mirpur,Dhaka
"155/1/A,",Jonaki Road,,Ahmed Nagar,Mirpur,Dhaka
"155/2,",,East Ahmed Nagar,Ahmed Nagar,Mirpur,Dhaka
"155/a/2,",Jonaki Road,East Ahmed Nagar,Ahmed Nagar,Mirpur,Dhaka
"156,",,East Ahmed Nagar,Ahmed Nagar,Mirpur,Dhaka
"156/A,",,East Ahmed Nagar,Ahmed Nagar,Mirpur,Dhaka
"157,",,East Ahmed Nagar,Ahmed Nagar,Mirpur,Dhaka
"157/1,",,East Ahmed Nagar,Ahmed Nagar,Mirpur,Dhaka
"158,",,East Ahmed Nagar,Ahmed Nagar,Mirpur,Dhaka
"158/1,",,East Ahmed Nagar,Ahmed Nagar,Mirpur,Dhaka
"158/1/A,",,East Ahmed Nagar,Ahmed Nagar,Mirpur,Dhaka
"158/1/b,",,East Ahmed Nagar,Ahmed Nagar,Mirpur,Dhaka
"158/2,",,East Ahmed Nagar,Ahmed Nagar,Mirpur,Dhaka
"159,",,East Ahmed Nagar,Ahmed Nagar,Mirpur,Dhaka
"160,",,East Ahmed Nagar,Ahmed Nagar,Mirpur,Dhaka
"160/1,",,East Ahmed Nagar,Ahmed Nagar,Mirpur,Dhaka
"160/2,",Jonaki Road,,Ahmed Nagar,Mirpur,Dhaka
"160/2,",Solimuddin Market Road,East Ahmed Nagar,Ahmed Nagar,Mirpur,Dhaka
"160/2,",,East Ahmed Nagar,Ahmed Nagar,Mirpur,Dhaka
"160/3,",Jonaki Road,,Ahmed Nagar,Mirpur,Dhaka
"160/3,",Solimuddin Market Road,East Ahmed Nagar,Ahmed Nagar,Mirpur,Dhaka
"160/4,",Jonaki Road,,Ahmed Nagar,Mirpur,Dhaka
"160/4,",Solimuddin Market Road,East Ahmed Nagar,Ahmed Nagar,Mirpur,Dhaka
"160/5,",Jonaki Road,,Ahmed Nagar,Mirpur,Dhaka
"160/5,",,,Ahmed Nagar,Mirpur,Dhaka
"160/A,",,East Ahmed Nagar,Ahmed Nagar,Mirpur,Dhaka
"161/2,",,,Ahmed Nagar,Mirpur,Dhaka
"161/3,",,,Ahmed Nagar,Mirpur,Dhaka
"161/4,",,,Ahmed Nagar,Mirpur,Dhaka
"162/2/A,",,,Ahmed Nagar,Mirpur,Dhaka
"162/2/B,",Jonaki Road,,Ahmed Nagar,Mirpur,Dhaka
"162/2/B,",,,Ahmed Nagar,Mirpur,Dhaka
"164,",Akbar Ali Road,,Ahmed Nagar,Mirpur,Dhaka
"164,",,,Ahmed Nagar,Mirpur,Dhaka
"165,",Jonaki Road,,Ahmed Nagar,Mirpur,Dhaka
"167,",,,Ahmed Nagar,Mirpur,Dhaka
"167/1,",Akbar Ali Road,,Ahmed Nagar,Mirpur,Dhaka
"167/1,",,,Ahmed Nagar,Mirpur,Dhaka
"167/1/A,",Akbar Ali Road,,Ahmed Nagar,Mirpur,Dhaka
"167/1/A,",,,Ahmed Nagar,Mirpur,Dhaka
"167/2,",Akbar Ali Road,,Ahmed Nagar,Mirpur,Dhaka
"167/2,",,,Ahmed Nagar,Mirpur,Dhaka
"168,",,,Ahmed Nagar,Mirpur,Dhaka
"172,",,,Ahmed Nagar,Mirpur,Dhaka
"172/1/B,",,,Ahmed Nagar,Mirpur,Dhaka
"174,",,,Ahmed Nagar,Mirpur,Dhaka
"174/1,",,Habuler Pukur Par,Ahmed Nagar,Mirpur,Dhaka
"174/1/1,",,Habuler Pukur Par,Ahmed Nagar,Mirpur,Dhaka
"174/1/A,",,Habuler Pukur Par,Ahmed Nagar,Mirpur,Dhaka
"174/1/b/1,",,,Ahmed Nagar,Mirpur,Dhaka
"174/1/C,",,Habuler Pukur Par,Ahmed Nagar,Mirpur,Dhaka
"174/1/E,",,Habuler Pukur Par,Ahmed Nagar,Mirpur,Dhaka
"174/1/K,",,Habuler Pukur Par,Ahmed Nagar,Mirpur,Dhaka
"174/1/Ka,",,Habuler Pukur Par,Ahmed Nagar,Mirpur,Dhaka
"174/1/Ka/1,",,Habuler Pukur Par,Ahmed Nagar,Mirpur,Dhaka
"174/1/l,",,Habuler Pukur Par,Ahmed Nagar,Mirpur,Dhaka
"174/1/M,",,Habuler Pukur Par,Ahmed Nagar,Mirpur,Dhaka
"174/13,",,Habuler Pukur Par,Ahmed Nagar,Mirpur,Dhaka
"175,",Akbar Ali Road,,Ahmed Nagar,Mirpur,Dhaka
"175,",,,Ahmed Nagar,Mirpur,Dhaka
"175/1,",,,Ahmed Nagar,Mirpur,Dhaka
"175/1/C,",,,Ahmed Nagar,Mirpur,Dhaka
"175/1A,",,,Ahmed Nagar,Mirpur,Dhaka
"175/2,",,,Ahmed Nagar,Mirpur,Dhaka
"175/3,",,,Ahmed Nagar,Mirpur,Dhaka
"175/3/A,",,,Ahmed Nagar,Mirpur,Dhaka
"175/4,",,,Ahmed Nagar,Mirpur,Dhaka
"175/5,",,Habuler Pukur Par,Ahmed Nagar,Mirpur,Dhaka
"175/A,",Akbar Ali Road,,Ahmed Nagar,Mirpur,Dhaka
"175/A,",,,Ahmed Nagar,Mirpur,Dhaka
"177/1,",Akbar Ali Road,,Ahmed Nagar,Mirpur,Dhaka
"177/1,",,,Ahmed Nagar,Mirpur,Dhaka
"177/2,",,,Ahmed Nagar,Mirpur,Dhaka
"178/1,",,,Ahmed Nagar,Mirpur,Dhaka
"178/1/Ka,",,Habuler Pukur Par,Ahmed Nagar,Mirpur,Dhaka
"178/1/KA,",Akbar Ali Road,,Ahmed Nagar,Mirpur,Dhaka
"178/1/KA,",,,Ahmed Nagar,Mirpur,Dhaka
"178/10,",Piper Goli,,Ahmed Nagar,Mirpur,Dhaka
"178/11,",Piper Goli,,Ahmed Nagar,Mirpur,Dhaka
"178/2,",Akbar Ali Road,,Ahmed Nagar,Mirpur,Dhaka
"178/2,",,,Ahmed Nagar,Mirpur,Dhaka
"178/4,",,Habuler Pukur Par,Ahmed Nagar,Mirpur,Dhaka
"178/7/2,",Piper Goli,,Ahmed Nagar,Mirpur,Dhaka
"178/7/3,",Piper Goli,,Ahmed Nagar,Mirpur,Dhaka
"178/7/4,",Piper Goli,,Ahmed Nagar,Mirpur,Dhaka
"178/7/5,",Piper Goli,,Ahmed Nagar,Mirpur,Dhaka
"178/7/A,",Piper Goli,,Ahmed Nagar,Mirpur,Dhaka
"178/8,",Piper Goli,,Ahmed Nagar,Mirpur,Dhaka
"179,",Akbar Ali Road,,Ahmed Nagar,Mirpur,Dhaka
"179,",,,Ahmed Nagar,Mirpur,Dhaka
"179/1,",Akbar Ali Road,,Ahmed Nagar,Mirpur,Dhaka
"179/1,",,,Ahmed Nagar,Mirpur,Dhaka
"18,",,East Ahmed Nagar,Ahmed Nagar,Mirpur,Dhaka
"18/2,",,East Ahmed Nagar,Ahmed Nagar,Mirpur,Dhaka
"18/3,",,,Ahmed Nagar,Mirpur,Dhaka
"180/1,",,Paikpara,Ahmed Nagar,Mirpur,Dhaka
"180/1,",,,Ahmed Nagar,Mirpur,Dhaka
"180/1/A,",,Habuler Pukur Par,Ahmed Nagar,Mirpur,Dhaka
"180/2,",,Paikpara,Ahmed Nagar,Mirpur,Dhaka
"180/2/c,",,Paikpara,Ahmed Nagar,Mirpur,Dhaka
"180/3,",Akbar Ali Road,,Ahmed Nagar,Mirpur,Dhaka
"180/3,",,Paikpara,Ahmed Nagar,Mirpur,Dhaka
"180/3,",,,Ahmed Nagar,Mirpur,Dhaka
"181,",,Habuler Pukur Par,Ahmed Nagar,Mirpur,Dhaka
"181/1/Ka,",,Habuler Pukur Par,Ahmed Nagar,Mirpur,Dhaka
"182,",,Habuler Pukur Par,Ahmed Nagar,Mirpur,Dhaka
"182,",,Paikpara,Ahmed Nagar,Mirpur,Dhaka
"182/1,",,Habuler Pukur Par,Ahmed Nagar,Mirpur,Dhaka
"182/1,",,,Ahmed Nagar,Mirpur,Dhaka
"182/2,",Jonaki Road,East Ahmed Nagar,Ahmed Nagar,Mirpur,Dhaka
"182/2,",,Habuler Pukur Par,Ahmed Nagar,Mirpur,Dhaka
"182/A,",,Habuler Pukur Par,Ahmed Nagar,Mirpur,Dhaka
"182/A,",,Paikpara,Ahmed Nagar,Mirpur,Dhaka
"183,",,Paikpara,Ahmed Nagar,Mirpur,Dhaka
"183,",,,Ahmed Nagar,Mirpur,Dhaka
"183/1,",,Habuler Pukur Par,Ahmed Nagar,Mirpur,Dhaka
"183/4,",,Habuler Pukur Par,Ahmed Nagar,Mirpur,Dhaka
"184,",,Habuler Pukur Par,Ahmed Nagar,Mirpur,Dhaka
"184/1,",,Habuler Pukur Par,Ahmed Nagar,Mirpur,Dhaka
"184/3,",,Habuler Pukur Par,Ahmed Nagar,Mirpur,Dhaka
"184/3/A,",,Habuler Pukur Par,Ahmed Nagar,Mirpur,Dhaka
"184/5,",,Habuler Pukur Par,Ahmed Nagar,Mirpur,Dhaka
"184/6 /C,",,Habuler Pukur Par,Ahmed Nagar,Mirpur,Dhaka
"185/2,",,Habuler Pukur Par,Ahmed Nagar,Mirpur,Dhaka
"185/A,",,Habuler Pukur Par,Ahmed Nagar,Mirpur,Dhaka
"187,",Falguni Road,,Ahmed Nagar,Mirpur,Dhaka
"187/3,",Falguni Road,,Ahmed Nagar,Mirpur,Dhaka
"187/7,",Piper Goli,,Ahmed Nagar,Mirpur,Dhaka
"187/a,",Falguni Road,,Ahmed Nagar,Mirpur,Dhaka
"188/1,",Kakoli Road,,Ahmed Nagar,Mirpur,Dhaka
"188/1/A,",Isa Kha Road,,Ahmed Nagar,Mirpur,Dhaka
"188/1/b,",,,Ahmed Nagar,Mirpur,Dhaka
"188/1/C,",Isa Kha Road,Paikpara,Ahmed Nagar,Mirpur,Dhaka
"188/1/d,",Kakoli Road,Paikpara,Ahmed Nagar,Mirpur,Dhaka
"188/2,",Kakoli Road,Paikpara,Ahmed Nagar,Mirpur,Dhaka
"188/2/A,",Kakoli Road,Paikpara,Ahmed Nagar,Mirpur,Dhaka
"188/2/D,",Kakoli Road,Paikpara,Ahmed Nagar,Mirpur,Dhaka
"188/3,",Kakoli Road,Paikpara,Ahmed Nagar,Mirpur,Dhaka
"188/3/A,",Kakoli Road,Paikpara,Ahmed Nagar,Mirpur,Dhaka
"188/3/B,",Kakoli Road,Paikpara,Ahmed Nagar,Mirpur,Dhaka
"188/3/C,",Kakoli Road,Paikpara,Ahmed Nagar,Mirpur,Dhaka
"188/3/d,",,Paikpara,Ahmed Nagar,Mirpur,Dhaka
"188/3/E,",Kakoli Road,Paikpara,Ahmed Nagar,Mirpur,Dhaka
"188/3/F,",Kakoli Road,Paikpara,Ahmed Nagar,Mirpur,Dhaka
"188/4,",Kakoli Road,Paikpara,Ahmed Nagar,Mirpur,Dhaka
"188/4/a,",Baishakhi Road,Paikpara,Ahmed Nagar,Mirpur,Dhaka
"188/4/e,",Kakoli Road,Paikpara,Ahmed Nagar,Mirpur,Dhaka
"188/4/F,",Kakoli Road,Paikpara,Ahmed Nagar,Mirpur,Dhaka
"188/4/G,",Kakoli Road,Paikpara,Ahmed Nagar,Mirpur,Dhaka
"188/4/G/1,",Kakoli Road,Paikpara,Ahmed Nagar,Mirpur,Dhaka
"188/5,",Kakoli Road,Paikpara,Ahmed Nagar,Mirpur,Dhaka
"188/5/A,",Kakoli Road,Paikpara,Ahmed Nagar,Mirpur,Dhaka
"188/5/B,",Kakoli Road,Paikpara,Ahmed Nagar,Mirpur,Dhaka
"188/5/C,",Kakoli Road,Paikpara,Ahmed Nagar,Mirpur,Dhaka
"188/5/D/1,",Kakoli Road,Paikpara,Ahmed Nagar,Mirpur,Dhaka
"188/5/E,",Kakoli Road,Paikpara,Ahmed Nagar,Mirpur,Dhaka
"188/7,",Kakoli Road,Paikpara,Ahmed Nagar,Mirpur,Dhaka
"189/1/B,",,Habuler Pukur Par,Ahmed Nagar,Mirpur,Dhaka
"189/b/1,",Kakoli Road,,Ahmed Nagar,Mirpur,Dhaka
"19,",,East Ahmed Nagar,Ahmed Nagar,Mirpur,Dhaka
"19/1,",,East Ahmed Nagar,Ahmed Nagar,Mirpur,Dhaka
"192,",,Paikpara,Ahmed Nagar,Mirpur,Dhaka
"193,",,Paikpara,Ahmed Nagar,Mirpur,Dhaka
"193/1,",,Paikpara,Ahmed Nagar,Mirpur,Dhaka
"194,",,Paikpara,Ahmed Nagar,Mirpur,Dhaka
"196/3,",,Paikpara,Ahmed Nagar,Mirpur,Dhaka
"196/4,",Falguni Road,,Ahmed Nagar,Mirpur,Dhaka
"196/b,",,Paikpara,Ahmed Nagar,Mirpur,Dhaka
"198/1,",Madrasa Road,,Ahmed Nagar,Mirpur,Dhaka
"198/1/a,",Falguni Road,,Ahmed Nagar,Mirpur,Dhaka
"198/2,",Madrasa Road,,Ahmed Nagar,Mirpur,Dhaka
"198/2,",,Paikpara,Ahmed Nagar,Mirpur,Dhaka
"198/3,",,Paikpara,Ahmed Nagar,Mirpur,Dhaka
"198/3/B,",,Paikpara,Ahmed Nagar,Mirpur,Dhaka
"198/3/C,",,Paikpara,Ahmed Nagar,Mirpur,Dhaka
"199,",Madrasa Road,,Ahmed Nagar,Mirpur,Dhaka
"199,",,Paikpara,Ahmed Nagar,Mirpur,Dhaka
"2,",Al Madina Road,East Ahmed Nagar,Ahmed Nagar,Mirpur,Dhaka
"2/1,",Al Madina Road,East Ahmed Nagar,Ahmed Nagar,Mirpur,Dhaka
"2/1/2,",Al Madina Road,East Ahmed Nagar,Ahmed Nagar,Mirpur,Dhaka
"2/2,",Al Madina Road,East Ahmed Nagar,Ahmed Nagar,Mirpur,Dhaka
"2/3/A,",Al Madina Road,East Ahmed Nagar,Ahmed Nagar,Mirpur,Dhaka
"2/4,",,East Ahmed Nagar,Ahmed Nagar,Mirpur,Dhaka
"2/D,",,East Ahmed Nagar,Ahmed Nagar,Mirpur,Dhaka
"20,",,East Ahmed Nagar,Ahmed Nagar,Mirpur,Dhaka
"201/1,",Madrasa Road,,Ahmed Nagar,Mirpur,Dhaka
"201/1,",,Paikpara,Ahmed Nagar,Mirpur,Dhaka
"202,",,Paikpara,Ahmed Nagar,Mirpur,Dhaka
"202/2,",,Paikpara,Ahmed Nagar,Mirpur,Dhaka
"202/A,",Madrasa Road,,Ahmed Nagar,Mirpur,Dhaka
"202/A,",,Paikpara,Ahmed Nagar,Mirpur,Dhaka
"203,",,Paikpara,Ahmed Nagar,Mirpur,Dhaka
"204,",,Paikpara,Ahmed Nagar,Mirpur,Dhaka
"204/1/A,",,Paikpara,Ahmed Nagar,Mirpur,Dhaka
"204/2/A,",,Paikpara,Ahmed Nagar,Mirpur,Dhaka
"204/3,",,Paikpara,Ahmed Nagar,Mirpur,Dhaka
"204/3/A,",,Paikpara,Ahmed Nagar,Mirpur,Dhaka
"204/3/B,",Madrasa Road,Paikpara,Ahmed Nagar,Mirpur,Dhaka
"204/5,",,Paikpara,Ahmed Nagar,Mirpur,Dhaka
"206,",,Paikpara,Ahmed Nagar,Mirpur,Dhaka
"206,",,,Ahmed Nagar,Mirpur,Dhaka
"206/1,",,Paikpara,Ahmed Nagar,Mirpur,Dhaka
"206/1/ga,",,Paikpara,Ahmed Nagar,Mirpur,Dhaka
"206/1/Ga,",,Paikpara,Ahmed Nagar,Mirpur,Dhaka
"206/1/gha,",,Paikpara,Ahmed Nagar,Mirpur,Dhaka
"206/1/Gha,",,Paikpara,Ahmed Nagar,Mirpur,Dhaka
"206/1/ka,",,Paikpara,Ahmed Nagar,Mirpur,Dhaka
"206/1/Ka,",,Paikpara,Ahmed Nagar,Mirpur,Dhaka
"206/1/KA,",,,Ahmed Nagar,Mirpur,Dhaka
"206/1/kha,",,Paikpara,Ahmed Nagar,Mirpur,Dhaka
"206/1/Kha,",,Paikpara,Ahmed Nagar,Mirpur,Dhaka
"206/1/KHA,",,,Ahmed Nagar,Mirpur,Dhaka
"206/2,",,Paikpara,Ahmed Nagar,Mirpur,Dhaka
"206/2/A,",,Paikpara,Ahmed Nagar,Mirpur,Dhaka
"206/4,",,Paikpara,Ahmed Nagar,Mirpur,Dhaka
"206/5/a,",,Paikpara,Ahmed Nagar,Mirpur,Dhaka
"206/5/A,",,Paikpara,Ahmed Nagar,Mirpur,Dhaka
"206/6,",,Paikpara,Ahmed Nagar,Mirpur,Dhaka
"206/6,",,,Ahmed Nagar,Mirpur,Dhaka
"207,",,Paikpara,Ahmed Nagar,Mirpur,Dhaka
"208,",,Paikpara,Ahmed Nagar,Mirpur,Dhaka
"208/1,",,Paikpara,Ahmed Nagar,Mirpur,Dhaka
"209/a,",,Paikpara,Ahmed Nagar,Mirpur,Dhaka
"209/A,",,Paikpara,Ahmed Nagar,Mirpur,Dhaka
"209/B,",,Paikpara,Ahmed Nagar,Mirpur,Dhaka
"21,",,East Ahmed Nagar,Ahmed Nagar,Mirpur,Dhaka
"210,",,Paikpara,Ahmed Nagar,Mirpur,Dhaka
"210/1,",,Paikpara,Ahmed Nagar,Mirpur,Dhaka
"210/1/A,",,,Ahmed Nagar,Mirpur,Dhaka
"210/1/B,",,,Ahmed Nagar,Mirpur,Dhaka
"210/2/a,",,Paikpara,Ahmed Nagar,Mirpur,Dhaka
"211/1,",,,Ahmed Nagar,Mirpur,Dhaka
"212,",Chandrima Road,,Ahmed Nagar,Mirpur,Dhaka
"212/1,",Madrasa Road,,Ahmed Nagar,Mirpur,Dhaka
"212/1,",,,Ahmed Nagar,Mirpur,Dhaka
"212/4,",,,Ahmed Nagar,Mirpur,Dhaka
"212/5,",,,Ahmed Nagar,Mirpur,Dhaka
"212/A,",,,Ahmed Nagar,Mirpur,Dhaka
"213,",Chandrima Road,,Ahmed Nagar,Mirpur,Dhaka
"213,",,,Ahmed Nagar,Mirpur,Dhaka
"213/1,",Chandrima Road,,Ahmed Nagar,Mirpur,Dhaka
"213/1,",,,Ahmed Nagar,Mirpur,Dhaka
"213/3,",Chandrima Road,,Ahmed Nagar,Mirpur,Dhaka
"213/3/A,",Chandrima Road,,Ahmed Nagar,Mirpur,Dhaka
"213/3/A,",,,Ahmed Nagar,Mirpur,Dhaka
"213/A/1,",,,Ahmed Nagar,Mirpur,Dhaka
"213/A/2,",Chandrima Road,,Ahmed Nagar,Mirpur,Dhaka
"213/A/2,",,,Ahmed Nagar,Mirpur,Dhaka
"215,",Chandrima Road,,Ahmed Nagar,Mirpur,Dhaka
"216,",Chandrima Road,,Ahmed Nagar,Mirpur,Dhaka
"218,",Akbar Ali Road,,Ahmed Nagar,Mirpur,Dhaka
"218,",,,Ahmed Nagar,Mirpur,Dhaka
"219,",Akbar Ali Road,,Ahmed Nagar,Mirpur,Dhaka
"219,",,,Ahmed Nagar,Mirpur,Dhaka
"219/2,",Akbar Ali Road,,Ahmed Nagar,Mirpur,Dhaka
"219/2,",,,Ahmed Nagar,Mirpur,Dhaka
"219/2/KA,",Akbar Ali Road,,Ahmed Nagar,Mirpur,Dhaka
"219/2/KA,",,,Ahmed Nagar,Mirpur,Dhaka
"219/2/KHA,",Akbar Ali Road,,Ahmed Nagar,Mirpur,Dhaka
"219/2/KHA,",,,Ahmed Nagar,Mirpur,Dhaka
"22,",,East Ahmed Nagar,Ahmed Nagar,Mirpur,Dhaka
"22/1,",,East Ahmed Nagar,Ahmed Nagar,Mirpur,Dhaka
"220,",Chandrima Road,,Ahmed Nagar,Mirpur,Dhaka
"220,",,,Ahmed Nagar,Mirpur,Dhaka
"223,",Solimuddin Market Road,,Ahmed Nagar,Mirpur,Dhaka
"223,",,,Ahmed Nagar,Mirpur,Dhaka
"224/1,",Chandrima Road,,Ahmed Nagar,Mirpur,Dhaka
"224/1,",,,Ahmed Nagar,Mirpur,Dhaka
"224/1/A,",Chandrima Road,,Ahmed Nagar,Mirpur,Dhaka
"224/1/A,",,,Ahmed Nagar,Mirpur,Dhaka
"224/1/B,",Chandrima Road,,Ahmed Nagar,Mirpur,Dhaka
"224/1/B,",,,Ahmed Nagar,Mirpur,Dhaka
"224/2,",Chandrima Road,,Ahmed Nagar,Mirpur,Dhaka
"224/2,",,,Ahmed Nagar,Mirpur,Dhaka
"226,",,,Ahmed Nagar,Mirpur,Dhaka
"226/1,",,,Ahmed Nagar,Mirpur,Dhaka
"226/2,",,,Ahmed Nagar,Mirpur,Dhaka
"227,",,,Ahmed Nagar,Mirpur,Dhaka
"227/1,",,,Ahmed Nagar,Mirpur,Dhaka
"227/2,",,,Ahmed Nagar,Mirpur,Dhaka
"227/2/A,",,,Ahmed Nagar,Mirpur,Dhaka
"227/2/B,",,,Ahmed Nagar,Mirpur,Dhaka
"227/3,",,,Ahmed Nagar,Mirpur,Dhaka
"227/4,",,,Ahmed Nagar,Mirpur,Dhaka
"227/5,",,,Ahmed Nagar,Mirpur,Dhaka
"228,",Solimuddin Market Road,,Ahmed Nagar,Mirpur,Dhaka
"23,",,East Ahmed Nagar,Ahmed Nagar,Mirpur,Dhaka
"230,",,,Ahmed Nagar,Mirpur,Dhaka
"230/A,",,,Ahmed Nagar,Mirpur,Dhaka
"231,",,,Ahmed Nagar,Mirpur,Dhaka
"231/1,",,,Ahmed Nagar,Mirpur,Dhaka
"231/2,",,,Ahmed Nagar,Mirpur,Dhaka
"231/A,",,,Ahmed Nagar,Mirpur,Dhaka
"232,",,,Ahmed Nagar,Mirpur,Dhaka
"233,",,,Ahmed Nagar,Mirpur,Dhaka
"233/A,",,,Ahmed Nagar,Mirpur,Dhaka
"234,",,,Ahmed Nagar,Mirpur,Dhaka
"234/1,",,,Ahmed Nagar,Mirpur,Dhaka
"235,",,,Ahmed Nagar,Mirpur,Dhaka
"235/1,",,,Ahmed Nagar,Mirpur,Dhaka
"235/1/A,",,,Ahmed Nagar,Mirpur,Dhaka
"236/1,",,,Ahmed Nagar,Mirpur,Dhaka
"236/Ka,",,,Ahmed Nagar,Mirpur,Dhaka
"236/KA,",,,Ahmed Nagar,Mirpur,Dhaka
"236/Kha,",,,Ahmed Nagar,Mirpur,Dhaka
"236/KHA,",,,Ahmed Nagar,Mirpur,Dhaka
"237/1,",,,Ahmed Nagar,Mirpur,Dhaka
"237/2,",,,Ahmed Nagar,Mirpur,Dhaka
"237/4,",,,Ahmed Nagar,Mirpur,Dhaka
"237/5,",,,Ahmed Nagar,Mirpur,Dhaka
"237/7,",,,Ahmed Nagar,Mirpur,Dhaka
"238,",,,Ahmed Nagar,Mirpur,Dhaka
"238/,",,,Ahmed Nagar,Mirpur,Dhaka
"238/1/B,",,,Ahmed Nagar,Mirpur,Dhaka
"238/1/C,",,,Ahmed Nagar,Mirpur,Dhaka
"238/1/D,",,,Ahmed Nagar,Mirpur,Dhaka
"238/A,",,,Ahmed Nagar,Mirpur,Dhaka
"238/B,",,,Ahmed Nagar,Mirpur,Dhaka
"238/C,",,,Ahmed Nagar,Mirpur,Dhaka
"238/d,",,Paikpara,Ahmed Nagar,Mirpur,Dhaka
"238/D/1,",,,Ahmed Nagar,Mirpur,Dhaka
"24,",,East Ahmed Nagar,Ahmed Nagar,Mirpur,Dhaka
"24/1,",Madrasa Road,,Ahmed Nagar,Mirpur,Dhaka
"24/1/A,",Madrasa Road,,Ahmed Nagar,Mirpur,Dhaka
"24/3/A,",Madrasa Road,,Ahmed Nagar,Mirpur,Dhaka
"24/3/B,",Madrasa Road,,Ahmed Nagar,Mirpur,Dhaka
"24/4,",Madrasa Road,,Ahmed Nagar,Mirpur,Dhaka
"24/5,",Madrasa Road,,Ahmed Nagar,Mirpur,Dhaka
"240/1,",,Paikpara,Ahmed Nagar,Mirpur,Dhaka
"240/1,",,,Ahmed Nagar,Mirpur,Dhaka
"241,",,,Ahmed Nagar,Mirpur,Dhaka
"241/1/a,",,Paikpara,Ahmed Nagar,Mirpur,Dhaka
"242,",,Paikpara,Ahmed Nagar,Mirpur,Dhaka
"242/A,",,,Ahmed Nagar,Mirpur,Dhaka
"243,",,Paikpara,Ahmed Nagar,Mirpur,Dhaka
"243/1,",,,Ahmed Nagar,Mirpur,Dhaka
"243/2,",,,Ahmed Nagar,Mirpur,Dhaka
"243/a,",,Paikpara,Ahmed Nagar,Mirpur,Dhaka
"243/A,",,,Ahmed Nagar,Mirpur,Dhaka
"244,",,Paikpara,Ahmed Nagar,Mirpur,Dhaka
"244/1,",,Paikpara,Ahmed Nagar,Mirpur,Dhaka
"244/1,",,,Ahmed Nagar,Mirpur,Dhaka
"246,",,Paikpara,Ahmed Nagar,Mirpur,Dhaka
"246,",,,Ahmed Nagar,Mirpur,Dhaka
"247,",,Paikpara,Ahmed Nagar,Mirpur,Dhaka
"247,",,,Ahmed Nagar,Mirpur,Dhaka
"247/1,",,Paikpara,Ahmed Nagar,Mirpur,Dhaka
"247/1/Ka,",,Paikpara,Ahmed Nagar,Mirpur,Dhaka
"247/2/A,",,Paikpara,Ahmed Nagar,Mirpur,Dhaka
"247/2/C,",,,Ahmed Nagar,Mirpur,Dhaka
"247/3,",,Paikpara,Ahmed Nagar,Mirpur,Dhaka
"247/3/a,",,Paikpara,Ahmed Nagar,Mirpur,Dhaka
"247/3/A,",,,Ahmed Nagar,Mirpur,Dhaka
"247/A,",,Paikpara,Ahmed Nagar,Mirpur,Dhaka
"247/A,",,,Ahmed Nagar,Mirpur,Dhaka
"247/b,",,Paikpara,Ahmed Nagar,Mirpur,Dhaka
"247/B,",,,Ahmed Nagar,Mirpur,Dhaka
"247/D,",,Paikpara,Ahmed Nagar,Mirpur,Dhaka
"247/D,",,,Ahmed Nagar,Mirpur,Dhaka
"248/1,",,,Ahmed Nagar,Mirpur,Dhaka
"248/1-KA,",,,Ahmed Nagar,Mirpur,Dhaka
"249/1,",,,Ahmed Nagar,Mirpur,Dhaka
"25,",,East Ahmed Nagar,Ahmed Nagar,Mirpur,Dhaka
"250,",,Paikpara,Ahmed Nagar,Mirpur,Dhaka
"250,",,,Ahmed Nagar,Mirpur,Dhaka
"250/1,",,,Ahmed Nagar,Mirpur,Dhaka
"250/1/A/1,",,,Ahmed Nagar,Mirpur,Dhaka
"250/1/B,",,,Ahmed Nagar,Mirpur,Dhaka
"250/2/C,",,,Ahmed Nagar,Mirpur,Dhaka
"250/2/C/1,",,,Ahmed Nagar,Mirpur,Dhaka
"250/A,",,,Ahmed Nagar,Mirpur,Dhaka
"250/B,",,,Ahmed Nagar,Mirpur,Dhaka
"250/C/1,",,,Ahmed Nagar,Mirpur,Dhaka
"251/1,",,,Ahmed Nagar,Mirpur,Dhaka
"252,",,,Ahmed Nagar,Mirpur,Dhaka
"253/1,",,,Ahmed Nagar,Mirpur,Dhaka
"255/1,",,,Ahmed Nagar,Mirpur,Dhaka
"255/B,",,,Ahmed Nagar,Mirpur,Dhaka
"255/C,",,,Ahmed Nagar,Mirpur,Dhaka
"255/C/1,",,,Ahmed Nagar,Mirpur,Dhaka
"256,",,Paikpara,Ahmed Nagar,Mirpur,Dhaka
"256/1,",,Paikpara,Ahmed Nagar,Mirpur,Dhaka
"256/2,",,Paikpara,Ahmed Nagar,Mirpur,Dhaka
"256/A,",,Paikpara,Ahmed Nagar,Mirpur,Dhaka
"257/1,",,Paikpara,Ahmed Nagar,Mirpur,Dhaka
"257/1/a,",,Paikpara,Ahmed Nagar,Mirpur,Dhaka
"257/1/B,",,Paikpara,Ahmed Nagar,Mirpur,Dhaka
"257/1/C,",,Paikpara,Ahmed Nagar,Mirpur,Dhaka
"257/1/D,",,Paikpara,Ahmed Nagar,Mirpur,Dhaka
"257/1/e,",,Paikpara,Ahmed Nagar,Mirpur,Dhaka
"257/1/f,",,Paikpara,Ahmed Nagar,Mirpur,Dhaka
"257/C/1,",,Paikpara,Ahmed Nagar,Mirpur,Dhaka
"258/1/A,",,Paikpara,Ahmed Nagar,Mirpur,Dhaka
"258/1/B,",,Paikpara,Ahmed Nagar,Mirpur,Dhaka
"259,",,Paikpara,Ahmed Nagar,Mirpur,Dhaka
"259/1,",,Paikpara,Ahmed Nagar,Mirpur,Dhaka
"259/2,",,Paikpara,Ahmed Nagar,Mirpur,Dhaka
"259/a,",,Paikpara,Ahmed Nagar,Mirpur,Dhaka
"259/b,",,Paikpara,Ahmed Nagar,Mirpur,Dhaka
"259/c,",,Paikpara,Ahmed Nagar,Mirpur,Dhaka
"259/d,",,Paikpara,Ahmed Nagar,Mirpur,Dhaka
"26,",,East Ahmed Nagar,Ahmed Nagar,Mirpur,Dhaka
"26/a,",,East Ahmed Nagar,Ahmed Nagar,Mirpur,Dhaka
"260/Ka,",,Paikpara,Ahmed Nagar,Mirpur,Dhaka
"260/kha,",,Paikpara,Ahmed Nagar,Mirpur,Dhaka
"261,",,Paikpara,Ahmed Nagar,Mirpur,Dhaka
"261/1,",,Paikpara,Ahmed Nagar,Mirpur,Dhaka
"261/2,",,Paikpara,Ahmed Nagar,Mirpur,Dhaka
"263,",,Paikpara,Ahmed Nagar,Mirpur,Dhaka
"263/1,",Madrasa Road,Paikpara,Ahmed Nagar,Mirpur,Dhaka
"263/1,",Madrasa Road,,Ahmed Nagar,Mirpur,Dhaka
"263/1,",,Paikpara,Ahmed Nagar,Mirpur,Dhaka
"263/1/1,",,,Ahmed Nagar,Mirpur,Dhaka
"263/1/2,",,,Ahmed Nagar,Mirpur,Dhaka
"263/2,",Madrasa Road,Paikpara,Ahmed Nagar,Mirpur,Dhaka
"263/2,",Madrasa Road,,Ahmed Nagar,Mirpur,Dhaka
"263/2,",,Paikpara,Ahmed Nagar,Mirpur,Dhaka
"263/2/1,",,,Ahmed Nagar,Mirpur,Dhaka
"263/2/2,",,,Ahmed Nagar,Mirpur,Dhaka
"263/2/A,",Madrasa Road,Paikpara,Ahmed Nagar,Mirpur,Dhaka
"263/2/A,",Madrasa Road,,Ahmed Nagar,Mirpur,Dhaka
"263/3,",Madrasa Road,Paikpara,Ahmed Nagar,Mirpur,Dhaka
"263/3,",Madrasa Road,,Ahmed Nagar,Mirpur,Dhaka
"263/3,",,Paikpara,Ahmed Nagar,Mirpur,Dhaka
"263/3/1,",,,Ahmed Nagar,Mirpur,Dhaka
"263/3/2,",,,Ahmed Nagar,Mirpur,Dhaka
"263/4/1,",,,Ahmed Nagar,Mirpur,Dhaka
"263/4/2,",,,Ahmed Nagar,Mirpur,Dhaka
"263/5/1,",,,Ahmed Nagar,Mirpur,Dhaka
"263/5/2,",,,Ahmed Nagar,Mirpur,Dhaka
"263/6/1,",,,Ahmed Nagar,Mirpur,Dhaka
"263/6/2,",,,Ahmed Nagar,Mirpur,Dhaka
"263/7/1,",,,Ahmed Nagar,Mirpur,Dhaka
"263/7/2,",,,Ahmed Nagar,Mirpur,Dhaka
"264,",,Paikpara,Ahmed Nagar,Mirpur,Dhaka
"264//1/1,",,,Ahmed Nagar,Mirpur,Dhaka
"264/1,",,,Ahmed Nagar,Mirpur,Dhaka
"264/1/2,",,,Ahmed Nagar,Mirpur,Dhaka
"264/10/1,",,,Ahmed Nagar,Mirpur,Dhaka
"264/10/2,",,,Ahmed Nagar,Mirpur,Dhaka
"264/2/1,",,,Ahmed Nagar,Mirpur,Dhaka
"264/2/2,",,,Ahmed Nagar,Mirpur,Dhaka
"264/3,",,,Ahmed Nagar,Mirpur,Dhaka
"264/3/1,",,,Ahmed Nagar,Mirpur,Dhaka
"264/3/2,",,,Ahmed Nagar,Mirpur,Dhaka
"264/4/1,",,,Ahmed Nagar,Mirpur,Dhaka
"264/4/2,",,,Ahmed Nagar,Mirpur,Dhaka
"264/5/1,",,,Ahmed Nagar,Mirpur,Dhaka
"264/5/2,",,,Ahmed Nagar,Mirpur,Dhaka
"264/6/1,",,,Ahmed Nagar,Mirpur,Dhaka
"264/6/2,",,,Ahmed Nagar,Mirpur,Dhaka
"264/7/1,",,,Ahmed Nagar,Mirpur,Dhaka
"264/7/2,",,,Ahmed Nagar,Mirpur,Dhaka
"264/8/1,",,,Ahmed Nagar,Mirpur,Dhaka
"264/8/2,",,,Ahmed Nagar,Mirpur,Dhaka
"264/9/1,",,,Ahmed Nagar,Mirpur,Dhaka
"264/9/2,",,,Ahmed Nagar,Mirpur,Dhaka
"265/1,",Madrasa Road,,Ahmed Nagar,Mirpur,Dhaka
"265/2,",Madrasa Road,Paikpara,Ahmed Nagar,Mirpur,Dhaka
"265/2,",Madrasa Road,,Ahmed Nagar,Mirpur,Dhaka
"265/4,",Madrasa Road,,Ahmed Nagar,Mirpur,Dhaka
"265/4,",,Paikpara,Ahmed Nagar,Mirpur,Dhaka
"265/4/A,",Madrasa Road,,Ahmed Nagar,Mirpur,Dhaka
"265/4/A,",,Paikpara,Ahmed Nagar,Mirpur,Dhaka
"265/5,",Madrasa Road,,Ahmed Nagar,Mirpur,Dhaka
"265/5,",,Paikpara,Ahmed Nagar,Mirpur,Dhaka
"265/6,",,Paikpara,Ahmed Nagar,Mirpur,Dhaka
"266/1,",,Paikpara,Ahmed Nagar,Mirpur,Dhaka
"266/3/C,",Isa Kha Road,,Ahmed Nagar,Mirpur,Dhaka
"267/4,",,,Ahmed Nagar,Mirpur,Dhaka
"268,",,Paikpara,Ahmed Nagar,Mirpur,Dhaka
"269/b,",Isa Kha Road,,Ahmed Nagar,Mirpur,Dhaka
"27,",,East Ahmed Nagar,Ahmed Nagar,Mirpur,Dhaka
"27/1,",Al Madina Road,East Ahmed Nagar,Ahmed Nagar,Mirpur,Dhaka
"27/2,",Jonaki Road,East Ahmed Nagar,Ahmed Nagar,Mirpur,Dhaka
"27/2/a,",,East Ahmed Nagar,Ahmed Nagar,Mirpur,Dhaka
"27/2/b,",,East Ahmed Nagar,Ahmed Nagar,Mirpur,Dhaka
"27/3,",Jonaki Road,East Ahmed Nagar,Ahmed Nagar,Mirpur,Dhaka
"27/B,",Al Madina Road,East Ahmed Nagar,Ahmed Nagar,Mirpur,Dhaka
"273/3,",,,Ahmed Nagar,Mirpur,Dhaka
"274/1,",Isa Kha Road,Paikpara,Ahmed Nagar,Mirpur,Dhaka
"274/a,",Isa Kha Road,Paikpara,Ahmed Nagar,Mirpur,Dhaka
"277/b,",,,Ahmed Nagar,Mirpur,Dhaka
"277/B,",,Paikpara,Ahmed Nagar,Mirpur,Dhaka
"279,",,Paikpara,Ahmed Nagar,Mirpur,Dhaka
"279/1,",,Paikpara,Ahmed Nagar,Mirpur,Dhaka
"279/1/A,",,Paikpara,Ahmed Nagar,Mirpur,Dhaka
"280,",,Paikpara,Ahmed Nagar,Mirpur,Dhaka
"280/1,",,Paikpara,Ahmed Nagar,Mirpur,Dhaka
"283/1,",,Paikpara,Ahmed Nagar,Mirpur,Dhaka
"283/1/1,",,,Ahmed Nagar,Mirpur,Dhaka
"283/1/2,",,,Ahmed Nagar,Mirpur,Dhaka
"283/10/1,",,,Ahmed Nagar,Mirpur,Dhaka
"283/10/2,",,,Ahmed Nagar,Mirpur,Dhaka
"283/2,",,Paikpara,Ahmed Nagar,Mirpur,Dhaka
"283/2/1,",,,Ahmed Nagar,Mirpur,Dhaka
"283/2/2,",,,Ahmed Nagar,Mirpur,Dhaka
"283/3/1,",,,Ahmed Nagar,Mirpur,Dhaka
"283/3/2,",,,Ahmed Nagar,Mirpur,Dhaka
"283/4/1,",,,Ahmed Nagar,Mirpur,Dhaka
"283/4/2,",,,Ahmed Nagar,Mirpur,Dhaka
"283/5/1,",,,Ahmed Nagar,Mirpur,Dhaka
"283/5/2,",,,Ahmed Nagar,Mirpur,Dhaka
"283/6/1,",,,Ahmed Nagar,Mirpur,Dhaka
"283/6/2,",,,Ahmed Nagar,Mirpur,Dhaka
"283/7/1,",,,Ahmed Nagar,Mirpur,Dhaka
"283/7/2,",,,Ahmed Nagar,Mirpur,Dhaka
"283/8/1,",,,Ahmed Nagar,Mirpur,Dhaka
"283/8/2,",,,Ahmed Nagar,Mirpur,Dhaka
"283/9/1,",,,Ahmed Nagar,Mirpur,Dhaka
"283/9/2,",,,Ahmed Nagar,Mirpur,Dhaka
"284/1/1,",,,Ahmed Nagar,Mirpur,Dhaka
"284/1/2,",,,Ahmed Nagar,Mirpur,Dhaka
"284/10/1,",,,Ahmed Nagar,Mirpur,Dhaka
"284/10/2,",,,Ahmed Nagar,Mirpur,Dhaka
"284/2/1,",,,Ahmed Nagar,Mirpur,Dhaka
"284/2/2,",,,Ahmed Nagar,Mirpur,Dhaka
"284/3/1,",,,Ahmed Nagar,Mirpur,Dhaka
"284/3/2,",,,Ahmed Nagar,Mirpur,Dhaka
"284/4,",,,Ahmed Nagar,Mirpur,Dhaka
"284/4/1,",,,Ahmed Nagar,Mirpur,Dhaka
"284/4/2,",,,Ahmed Nagar,Mirpur,Dhaka
"284/5/1,",,,Ahmed Nagar,Mirpur,Dhaka
"284/5/2,",,,Ahmed Nagar,Mirpur,Dhaka
"284/6/1,",,,Ahmed Nagar,Mirpur,Dhaka
"284/6/2,",,,Ahmed Nagar,Mirpur,Dhaka
"284/7,",,,Ahmed Nagar,Mirpur,Dhaka
"284/7/1,",,,Ahmed Nagar,Mirpur,Dhaka
"284/7/2,",,,Ahmed Nagar,Mirpur,Dhaka
"284/8/1,",,,Ahmed Nagar,Mirpur,Dhaka
"284/8/2,",,,Ahmed Nagar,Mirpur,Dhaka
"284/9/1,",,,Ahmed Nagar,Mirpur,Dhaka
"284/9/2,",,,Ahmed Nagar,Mirpur,Dhaka
"284/A,",,,Ahmed Nagar,Mirpur,Dhaka
"287/1,",,,Ahmed Nagar,Mirpur,Dhaka
"288,",,,Ahmed Nagar,Mirpur,Dhaka
"289/4,",Madrasa Road,Paikpara,Ahmed Nagar,Mirpur,Dhaka
"289/5,",Madrasa Road,Paikpara,Ahmed Nagar,Mirpur,Dhaka
"29,",Al Madina Road,East Ahmed Nagar,Ahmed Nagar,Mirpur,Dhaka
"29/1,",Al Madina Road,East Ahmed Nagar,Ahmed Nagar,Mirpur,Dhaka
"290,",,,Ahmed Nagar,Mirpur,Dhaka
"290/1,",,,Ahmed Nagar,Mirpur,Dhaka
"290/1/A,",,Paikpara,Ahmed Nagar,Mirpur,Dhaka
"290/2,",,Paikpara,Ahmed Nagar,Mirpur,Dhaka
"290/3,",,Paikpara,Ahmed Nagar,Mirpur,Dhaka
"290/3,",,,Ahmed Nagar,Mirpur,Dhaka
"291,",,,Ahmed Nagar,Mirpur,Dhaka
"291/1,",,,Ahmed Nagar,Mirpur,Dhaka
"292,",,,Ahmed Nagar,Mirpur,Dhaka
"292/1,",,,Ahmed Nagar,Mirpur,Dhaka
"292/1/A,",,,Ahmed Nagar,Mirpur,Dhaka
"292/1/B,",,,Ahmed Nagar,Mirpur,Dhaka
"292/1/C,",,,Ahmed Nagar,Mirpur,Dhaka
"293,",,Paikpara,Ahmed Nagar,Mirpur,Dhaka
"294,",,,Ahmed Nagar,Mirpur,Dhaka
"294/1,",,,Ahmed Nagar,Mirpur,Dhaka
"294/2,",,,Ahmed Nagar,Mirpur,Dhaka
"294/A,",,,Ahmed Nagar,Mirpur,Dhaka
"295,",,,Ahmed Nagar,Mirpur,Dhaka
"3,",Al Madina Road,East Ahmed Nagar,Ahmed Nagar,Mirpur,Dhaka
"3/2,",,,Ahmed Nagar,Mirpur,Dhaka
"3/5,",Al Madina Road,East Ahmed Nagar,Ahmed Nagar,Mirpur,Dhaka
"3/52,",,East Ahmed Nagar,Ahmed Nagar,Mirpur,Dhaka
"3/53,",,East Ahmed Nagar,Ahmed Nagar,Mirpur,Dhaka
"3/A,",Al Madina Road,East Ahmed Nagar,Ahmed Nagar,Mirpur,Dhaka
"3/B,",Al Madina Road,East Ahmed Nagar,Ahmed Nagar,Mirpur,Dhaka
"3/C,",Al Madina Road,East Ahmed Nagar,Ahmed Nagar,Mirpur,Dhaka
"3/C,",,,Ahmed Nagar,Mirpur,Dhaka
"3/Ka,",Al Madina Road,East Ahmed Nagar,Ahmed Nagar,Mirpur,Dhaka
"30,",Daud Khan Jame Masjid Road,East Ahmed Nagar,Ahmed Nagar,Mirpur,Dhaka
"30/a,",Jonaki Road,East Ahmed Nagar,Ahmed Nagar,Mirpur,Dhaka
"30/A,",Jonaki Road,East Ahmed Nagar,Ahmed Nagar,Mirpur,Dhaka
"301/B,",,Paikpara,Ahmed Nagar,Mirpur,Dhaka
"302,",,,Ahmed Nagar,Mirpur,Dhaka
"302/1,",,Paikpara,Ahmed Nagar,Mirpur,Dhaka
"302/1,",,,Ahmed Nagar,Mirpur,Dhaka
"302/1/B,",,Paikpara,Ahmed Nagar,Mirpur,Dhaka
"302/1/B,",,,Ahmed Nagar,Mirpur,Dhaka
"302/2,",,Paikpara,Ahmed Nagar,Mirpur,Dhaka
"302/2,",,,Ahmed Nagar,Mirpur,Dhaka
"302/2/A,",,Paikpara,Ahmed Nagar,Mirpur,Dhaka
"302/3,",,Paikpara,Ahmed Nagar,Mirpur,Dhaka
"302/4,",,Paikpara,Ahmed Nagar,Mirpur,Dhaka
"302/5,",,,Ahmed Nagar,Mirpur,Dhaka
"304,",,Paikpara,Ahmed Nagar,Mirpur,Dhaka
"304/1,",,Paikpara,Ahmed Nagar,Mirpur,Dhaka
"304/1,",,,Ahmed Nagar,Mirpur,Dhaka
"304/1/A,",,,Ahmed Nagar,Mirpur,Dhaka
"304/2,",,,Ahmed Nagar,Mirpur,Dhaka
"306,",,,Ahmed Nagar,Mirpur,Dhaka
"307,",,,Ahmed Nagar,Mirpur,Dhaka
"309,",,,Ahmed Nagar,Mirpur,Dhaka
"309/1,",,,Ahmed Nagar,Mirpur,Dhaka
"309/2,",,,Ahmed Nagar,Mirpur,Dhaka
"31,",Daud Khan Jame Masjid Road,East Ahmed Nagar,Ahmed Nagar,Mirpur,Dhaka
"310/A,",,,Ahmed Nagar,Mirpur,Dhaka
"311,",,,Ahmed Nagar,Mirpur,Dhaka
"311/1,",,,Ahmed Nagar,Mirpur,Dhaka
"311/1/1,",,,Ahmed Nagar,Mirpur,Dhaka
"311/1/2,",,,Ahmed Nagar,Mirpur,Dhaka
"311/10/1,",,,Ahmed Nagar,Mirpur,Dhaka
"311/10/2,",,,Ahmed Nagar,Mirpur,Dhaka
"311/2/1,",,,Ahmed Nagar,Mirpur,Dhaka
"311/2/2,",,,Ahmed Nagar,Mirpur,Dhaka
"311/3,",,Paikpara,Ahmed Nagar,Mirpur,Dhaka
"311/3/1,",,,Ahmed Nagar,Mirpur,Dhaka
"311/3/2,",,,Ahmed Nagar,Mirpur,Dhaka
"311/4/1,",,,Ahmed Nagar,Mirpur,Dhaka
"311/4/2,",,,Ahmed Nagar,Mirpur,Dhaka
"311/5/1,",,,Ahmed Nagar,Mirpur,Dhaka
"311/5/2,",,,Ahmed Nagar,Mirpur,Dhaka
"311/6/1,",,,Ahmed Nagar,Mirpur,Dhaka
"311/6/2,",,,Ahmed Nagar,Mirpur,Dhaka
"311/7/1,",,,Ahmed Nagar,Mirpur,Dhaka
"311/7/2,",,,Ahmed Nagar,Mirpur,Dhaka
"311/8/1,",,,Ahmed Nagar,Mirpur,Dhaka
"311/8/2,",,,Ahmed Nagar,Mirpur,Dhaka
"311/9/1,",,,Ahmed Nagar,Mirpur,Dhaka
"311/9/2,",,,Ahmed Nagar,Mirpur,Dhaka
"313/2,",,,Ahmed Nagar,Mirpur,Dhaka
"314,",,,Ahmed Nagar,Mirpur,Dhaka
"315/1/1,",,,Ahmed Nagar,Mirpur,Dhaka
"315/1/2,",,,Ahmed Nagar,Mirpur,Dhaka
"315/1/B,",,,Ahmed Nagar,Mirpur,Dhaka
"315/1/C,",,,Ahmed Nagar,Mirpur,Dhaka
"315/2,",,,Ahmed Nagar,Mirpur,Dhaka
"315/2/1,",,,Ahmed Nagar,Mirpur,Dhaka
"315/2/2,",,,Ahmed Nagar,Mirpur,Dhaka
"315/3/1,",,,Ahmed Nagar,Mirpur,Dhaka
"315/3/2,",,,Ahmed Nagar,Mirpur,Dhaka
"315/4/1,",,,Ahmed Nagar,Mirpur,Dhaka
"315/4/2,",,,Ahmed Nagar,Mirpur,Dhaka
"315/A,",,,Ahmed Nagar,Mirpur,Dhaka
"315/B,",,,Ahmed Nagar,Mirpur,Dhaka
"315/D,",,,Ahmed Nagar,Mirpur,Dhaka
"315/E,",,,Ahmed Nagar,Mirpur,Dhaka
"315/F,",,,Ahmed Nagar,Mirpur,Dhaka
"315/G,",,,Ahmed Nagar,Mirpur,Dhaka
"316/1,",,,Ahmed Nagar,Mirpur,Dhaka
"316/3,",,,Ahmed Nagar,Mirpur,Dhaka
"316/a,",,Paikpara,Ahmed Nagar,Mirpur,Dhaka
"316/A,",,,Ahmed Nagar,Mirpur,Dhaka
"319/1,",,,Ahmed Nagar,Mirpur,Dhaka
"319/A,",,,Ahmed Nagar,Mirpur,Dhaka
"32,",Daud Khan Jame Masjid Road,East Ahmed Nagar,Ahmed Nagar,Mirpur,Dhaka
"321,",Akota Road,,Ahmed Nagar,Mirpur,Dhaka
"321,",,,Ahmed Nagar,Mirpur,Dhaka
"321/1,",Akota Road,,Ahmed Nagar,Mirpur,Dhaka
"321/1,",,,Ahmed Nagar,Mirpur,Dhaka
"321/2,",Akota Road,,Ahmed Nagar,Mirpur,Dhaka
"321/4,",Akota Road,,Ahmed Nagar,Mirpur,Dhaka
"322/1,",Akota Road,,Ahmed Nagar,Mirpur,Dhaka
"322/3,",Akota Road,,Ahmed Nagar,Mirpur,Dhaka
"322/4,",Akota Road,,Ahmed Nagar,Mirpur,Dhaka
"322/5,",Akota Road,,Ahmed Nagar,Mirpur,Dhaka
"322/Kha,",Akota Road,,Ahmed Nagar,Mirpur,Dhaka
"323/1,",,,Ahmed Nagar,Mirpur,Dhaka
"324,",,Paikpara,Ahmed Nagar,Mirpur,Dhaka
"325,",,,Ahmed Nagar,Mirpur,Dhaka
"326,",,Paikpara,Ahmed Nagar,Mirpur,Dhaka
"327,",,Paikpara,Ahmed Nagar,Mirpur,Dhaka
"328/1,",,West Ahmed Nagar,Ahmed Nagar,Mirpur,Dhaka
"328/1,",,,Ahmed Nagar,Mirpur,Dhaka
"328/2,",,,Ahmed Nagar,Mirpur,Dhaka
"328/A,",,,Ahmed Nagar,Mirpur,Dhaka
"328/C,",,West Ahmed Nagar,Ahmed Nagar,Mirpur,Dhaka
"328/C,",,,Ahmed Nagar,Mirpur,Dhaka
"328/D,",,,Ahmed Nagar,Mirpur,Dhaka
"328/E,",,West Ahmed Nagar,Ahmed Nagar,Mirpur,Dhaka
"328/E,",,,Ahmed Nagar,Mirpur,Dhaka
"329,",,Paikpara,Ahmed Nagar,Mirpur,Dhaka
"329,",,,Ahmed Nagar,Mirpur,Dhaka
"33,",,East Ahmed Nagar,Ahmed Nagar,Mirpur,Dhaka
"331,",Akota Road,,Ahmed Nagar,Mirpur,Dhaka
"331/1,",Akota Road,,Ahmed Nagar,Mirpur,Dhaka
"331/1/A,",Akota Road,,Ahmed Nagar,Mirpur,Dhaka
"331/3,",Akota Road,,Ahmed Nagar,Mirpur,Dhaka
"332,",Akota Road,,Ahmed Nagar,Mirpur,Dhaka
"332/4/C/1,",Akota Road,,Ahmed Nagar,Mirpur,Dhaka
"332/B,",Akota Road,,Ahmed Nagar,Mirpur,Dhaka
"333,",Akota Road,,Ahmed Nagar,Mirpur,Dhaka
"333/1,",Akota Road,,Ahmed Nagar,Mirpur,Dhaka
"333/1,",,,Ahmed Nagar,Mirpur,Dhaka
"333/1/1,",,,Ahmed Nagar,Mirpur,Dhaka
"333/1/A,",,,Ahmed Nagar,Mirpur,Dhaka
"333/1/A/2,",Akota Road,,Ahmed Nagar,Mirpur,Dhaka
"333/1/C,",,,Ahmed Nagar,Mirpur,Dhaka
"333/1/D,",,,Ahmed Nagar,Mirpur,Dhaka
"333/1/E,",Akota Road,,Ahmed Nagar,Mirpur,Dhaka
"333/1/F,",,,Ahmed Nagar,Mirpur,Dhaka
"333/1/G,",Akota Road,,Ahmed Nagar,Mirpur,Dhaka
"333/1/H,",Akota Road,,Ahmed Nagar,Mirpur,Dhaka
"333/2,",Akota Road,,Ahmed Nagar,Mirpur,Dhaka
"333/2/A,",Akota Road,,Ahmed Nagar,Mirpur,Dhaka
"333/2/B,",Akota Road,,Ahmed Nagar,Mirpur,Dhaka
"333/4/A/2,",,,Ahmed Nagar,Mirpur,Dhaka
"333/4/C/1,",,West Ahmed Nagar,Ahmed Nagar,Mirpur,Dhaka
"333/4/C/1,",,,Ahmed Nagar,Mirpur,Dhaka
"333/4/D,",,,Ahmed Nagar,Mirpur,Dhaka
"333/5,",,,Ahmed Nagar,Mirpur,Dhaka
"333/6,",,,Ahmed Nagar,Mirpur,Dhaka
"333/GA,",Akota Road,,Ahmed Nagar,Mirpur,Dhaka
"333/KHA,",,,Ahmed Nagar,Mirpur,Dhaka
"334,",Akota Road,Paikpara,Ahmed Nagar,Mirpur,Dhaka
"334,",Akota Road,,Ahmed Nagar,Mirpur,Dhaka
"334,",,,Ahmed Nagar,Mirpur,Dhaka
"334/1,",,,Ahmed Nagar,Mirpur,Dhaka
"334/1/A,",,,Ahmed Nagar,Mirpur,Dhaka
"334/1/B,",,,Ahmed Nagar,Mirpur,Dhaka
"334/1/C,",,,Ahmed Nagar,Mirpur,Dhaka
"334/1/D,",,,Ahmed Nagar,Mirpur,Dhaka
"334/1/E,",,,Ahmed Nagar,Mirpur,Dhaka
"334/1/F,",,,Ahmed Nagar,Mirpur,Dhaka
"334/1/KA,",,,Ahmed Nagar,Mirpur,Dhaka
"334/1/KHA,",,,Ahmed Nagar,Mirpur,Dhaka
"334/11,",,,Ahmed Nagar,Mirpur,Dhaka
"334/2,",,,Ahmed Nagar,Mirpur,Dhaka
"334/2/A,",,,Ahmed Nagar,Mirpur,Dhaka
"334/2/B,",,,Ahmed Nagar,Mirpur,Dhaka
"334/2/C,",,,Ahmed Nagar,Mirpur,Dhaka
"334/2/D,",,,Ahmed Nagar,Mirpur,Dhaka
"334/2/E,",,,Ahmed Nagar,Mirpur,Dhaka
"334/2/F,",,,Ahmed Nagar,Mirpur,Dhaka
"334/3,",,,Ahmed Nagar,Mirpur,Dhaka
"334/3/A,",,,Ahmed Nagar,Mirpur,Dhaka
"334/3/B,",,,Ahmed Nagar,Mirpur,Dhaka
"334/3/C,",,,Ahmed Nagar,Mirpur,Dhaka
"334/3/D,",,,Ahmed Nagar,Mirpur,Dhaka
"334/3/E,",,,Ahmed Nagar,Mirpur,Dhaka
"334/3/F,",,,Ahmed Nagar,Mirpur,Dhaka
"334/4,",,,Ahmed Nagar,Mirpur,Dhaka
"334/4/A,",,,Ahmed Nagar,Mirpur,Dhaka
"334/4/B,",,,Ahmed Nagar,Mirpur,Dhaka
"334/4/C,",,,Ahmed Nagar,Mirpur,Dhaka
"334/4/D,",,,Ahmed Nagar,Mirpur,Dhaka
"334/4/E,",,,Ahmed Nagar,Mirpur,Dhaka
"334/4/F,",,,Ahmed Nagar,Mirpur,Dhaka
"334/4/G,",,,Ahmed Nagar,Mirpur,Dhaka
"334/5,",,,Ahmed Nagar,Mirpur,Dhaka
"334/5/A,",,,Ahmed Nagar,Mirpur,Dhaka
"334/5/B,",,,Ahmed Nagar,Mirpur,Dhaka
"334/5/C,",,,Ahmed Nagar,Mirpur,Dhaka
"334/5/D,",,,Ahmed Nagar,Mirpur,Dhaka
"334/5/F,",,,Ahmed Nagar,Mirpur,Dhaka
"334/5/G,",,,Ahmed Nagar,Mirpur,Dhaka
"334/6/1-A,",,West Ahmed Nagar,Ahmed Nagar,Mirpur,Dhaka
"334/6/A,",,,Ahmed Nagar,Mirpur,Dhaka
"334/6-A,",,West Ahmed Nagar,Ahmed Nagar,Mirpur,Dhaka
"334/7,",,,Ahmed Nagar,Mirpur,Dhaka
"334/7/A,",,,Ahmed Nagar,Mirpur,Dhaka
"334/7/B,",,,Ahmed Nagar,Mirpur,Dhaka
"334/8,",,,Ahmed Nagar,Mirpur,Dhaka
"334/8/1,",,,Ahmed Nagar,Mirpur,Dhaka
"334/9,",,West Ahmed Nagar,Ahmed Nagar,Mirpur,Dhaka
"334/9,",,,Ahmed Nagar,Mirpur,Dhaka
"334/A,",,,Ahmed Nagar,Mirpur,Dhaka
"335,",Akota Road,,Ahmed Nagar,Mirpur,Dhaka
"335/1,",,,Ahmed Nagar,Mirpur,Dhaka
"335/1/1,",Akota Road,,Ahmed Nagar,Mirpur,Dhaka
"335/1/2,",Akota Road,,Ahmed Nagar,Mirpur,Dhaka
"335/1/A,",,,Ahmed Nagar,Mirpur,Dhaka
"335/1/B,",,,Ahmed Nagar,Mirpur,Dhaka
"335/1/C,",,,Ahmed Nagar,Mirpur,Dhaka
"335/1/D,",,,Ahmed Nagar,Mirpur,Dhaka
"335/1/E,",,,Ahmed Nagar,Mirpur,Dhaka
"335/10/1,",Akota Road,,Ahmed Nagar,Mirpur,Dhaka
"335/10/2,",Akota Road,,Ahmed Nagar,Mirpur,Dhaka
"335/2,",,,Ahmed Nagar,Mirpur,Dhaka
"335/2/1,",Akota Road,,Ahmed Nagar,Mirpur,Dhaka
"335/2/2,",Akota Road,,Ahmed Nagar,Mirpur,Dhaka
"335/2/B,",,,Ahmed Nagar,Mirpur,Dhaka
"335/2/C,",,,Ahmed Nagar,Mirpur,Dhaka
"335/2/D,",,,Ahmed Nagar,Mirpur,Dhaka
"335/3/1,",Akota Road,,Ahmed Nagar,Mirpur,Dhaka
"335/3/2,",Akota Road,,Ahmed Nagar,Mirpur,Dhaka
"335/4/1,",Akota Road,,Ahmed Nagar,Mirpur,Dhaka
"335/4/2,",Akota Road,,Ahmed Nagar,Mirpur,Dhaka
"335/5/1,",Akota Road,,Ahmed Nagar,Mirpur,Dhaka
"335/5/2,",Akota Road,,Ahmed Nagar,Mirpur,Dhaka
"335/6/1,",Akota Road,,Ahmed Nagar,Mirpur,Dhaka
"335/6/2,",Akota Road,,Ahmed Nagar,Mirpur,Dhaka
"335/7/1,",Akota Road,,Ahmed Nagar,Mirpur,Dhaka
"335/7/2,",Akota Road,,Ahmed Nagar,Mirpur,Dhaka
"335/8/1,",Akota Road,,Ahmed Nagar,Mirpur,Dhaka
"335/8/2,",Akota Road,,Ahmed Nagar,Mirpur,Dhaka
"335/9/1,",Akota Road,,Ahmed Nagar,Mirpur,Dhaka
"335/9/2,",Akota Road,,Ahmed Nagar,Mirpur,Dhaka
"335/KA,",,,Ahmed Nagar,Mirpur,Dhaka
"336,",,,Ahmed Nagar,Mirpur,Dhaka
"337,",,,Ahmed Nagar,Mirpur,Dhaka
"337/B,",,,Ahmed Nagar,Mirpur,Dhaka
"338,",,,Ahmed Nagar,Mirpur,Dhaka
"338/1,",,,Ahmed Nagar,Mirpur,Dhaka
"338/2,",,,Ahmed Nagar,Mirpur,Dhaka
"338/B,",,,Ahmed Nagar,Mirpur,Dhaka
"339,",,,Ahmed Nagar,Mirpur,Dhaka
"34,",Daud Khan Jame Masjid Road,East Ahmed Nagar,Ahmed Nagar,Mirpur,Dhaka
"34/1,",,,Ahmed Nagar,Mirpur,Dhaka
"34/1/A,",,,Ahmed Nagar,Mirpur,Dhaka
"34/1/C,",,,Ahmed Nagar,Mirpur,Dhaka
"34/2,",,,Ahmed Nagar,Mirpur,Dhaka
"34/C,",,,Ahmed Nagar,Mirpur,Dhaka
"340,",,,Ahmed Nagar,Mirpur,Dhaka
"340/1,",,,Ahmed Nagar,Mirpur,Dhaka
"340/3,",,,Ahmed Nagar,Mirpur,Dhaka
"340/3/B,",,,Ahmed Nagar,Mirpur,Dhaka
"341,",,,Ahmed Nagar,Mirpur,Dhaka
"341/1,",,,Ahmed Nagar,Mirpur,Dhaka
"341/1/A,",,,Ahmed Nagar,Mirpur,Dhaka
"342,",,,Ahmed Nagar,Mirpur,Dhaka
"342/1,",,,Ahmed Nagar,Mirpur,Dhaka
"342/2,",,,Ahmed Nagar,Mirpur,Dhaka
"342/a,",,Paikpara,Ahmed Nagar,Mirpur,Dhaka
"343,",,,Ahmed Nagar,Mirpur,Dhaka
"343/1,",,,Ahmed Nagar,Mirpur,Dhaka
"343/1/A,",,,Ahmed Nagar,Mirpur,Dhaka
"343/2,",,,Ahmed Nagar,Mirpur,Dhaka
"343/B,",,,Ahmed Nagar,Mirpur,Dhaka
"344/1,",,,Ahmed Nagar,Mirpur,Dhaka
"344/1/1,",,,Ahmed Nagar,Mirpur,Dhaka
"344/1/2,",,,Ahmed Nagar,Mirpur,Dhaka
"344/2/1,",,,Ahmed Nagar,Mirpur,Dhaka
"344/2/2,",,,Ahmed Nagar,Mirpur,Dhaka
"344/3,",,,Ahmed Nagar,Mirpur,Dhaka
"344/3/1,",,,Ahmed Nagar,Mirpur,Dhaka
"344/3/2,",,,Ahmed Nagar,Mirpur,Dhaka
"345,",,,Ahmed Nagar,Mirpur,Dhaka
"345/1,",,,Ahmed Nagar,Mirpur,Dhaka
"345/2,",,,Ahmed Nagar,Mirpur,Dhaka
"346,",,,Ahmed Nagar,Mirpur,Dhaka
"347/B,",,,Ahmed Nagar,Mirpur,Dhaka
"347/C,",,,Ahmed Nagar,Mirpur,Dhaka
"347/D,",,,Ahmed Nagar,Mirpur,Dhaka
"347/Ka,",,,Ahmed Nagar,Mirpur,Dhaka
"348,",,,Ahmed Nagar,Mirpur,Dhaka
"348/1,",Akota Road,,Ahmed Nagar,Mirpur,Dhaka
"348/1,",,,Ahmed Nagar,Mirpur,Dhaka
"348/1/A,",Akota Road,,Ahmed Nagar,Mirpur,Dhaka
"348/1/A,",,,Ahmed Nagar,Mirpur,Dhaka
"348/1/A/1,",Akota Road,,Ahmed Nagar,Mirpur,Dhaka
"348/1/B,",Akota Road,,Ahmed Nagar,Mirpur,Dhaka
"348/1/C,",Akota Road,,Ahmed Nagar,Mirpur,Dhaka
"348/1/E,",Akota Road,,Ahmed Nagar,Mirpur,Dhaka
"348/2,",Akota Road,,Ahmed Nagar,Mirpur,Dhaka
"348/5/A,",Akota Road,,Ahmed Nagar,Mirpur,Dhaka
"349,",,,Ahmed Nagar,Mirpur,Dhaka
"35,",,East Ahmed Nagar,Ahmed Nagar,Mirpur,Dhaka
"350,",,,Ahmed Nagar,Mirpur,Dhaka
"350/1,",,,Ahmed Nagar,Mirpur,Dhaka
"350/1/1,",,,Ahmed Nagar,Mirpur,Dhaka
"350/1/A,",,,Ahmed Nagar,Mirpur,Dhaka
"350/1/B,",,,Ahmed Nagar,Mirpur,Dhaka
"350/1/B/1,",,West Ahmed Nagar,Ahmed Nagar,Mirpur,Dhaka
"350/1/B1,",,,Ahmed Nagar,Mirpur,Dhaka
"350/1/C,",,,Ahmed Nagar,Mirpur,Dhaka
"350/1/D,",,,Ahmed Nagar,Mirpur,Dhaka
"350/1/E,",,,Ahmed Nagar,Mirpur,Dhaka
"350/1-B,",,West Ahmed Nagar,Ahmed Nagar,Mirpur,Dhaka
"350/2,",,,Ahmed Nagar,Mirpur,Dhaka
"350/2/2,",,,Ahmed Nagar,Mirpur,Dhaka
"350/2/3,",,,Ahmed Nagar,Mirpur,Dhaka
"350/2/4,",,,Ahmed Nagar,Mirpur,Dhaka
"350/2/5,",,,Ahmed Nagar,Mirpur,Dhaka
"350/2/6,",,,Ahmed Nagar,Mirpur,Dhaka
"350/3,",,,Ahmed Nagar,Mirpur,Dhaka
"350/3/1,",,,Ahmed Nagar,Mirpur,Dhaka
"350/3/2,",,,Ahmed Nagar,Mirpur,Dhaka
"350/3/3,",,,Ahmed Nagar,Mirpur,Dhaka
"350/3/4,",,,Ahmed Nagar,Mirpur,Dhaka
"350/3/5,",,,Ahmed Nagar,Mirpur,Dhaka
"350/3/6,",,,Ahmed Nagar,Mirpur,Dhaka
"350/4,",,,Ahmed Nagar,Mirpur,Dhaka
"350/4/1,",,,Ahmed Nagar,Mirpur,Dhaka
"350/4/2,",,,Ahmed Nagar,Mirpur,Dhaka
"350/4/3,",,,Ahmed Nagar,Mirpur,Dhaka
"350/4/4,",,,Ahmed Nagar,Mirpur,Dhaka
"350/4/5,",,,Ahmed Nagar,Mirpur,Dhaka
"350/4/6,",,,Ahmed Nagar,Mirpur,Dhaka
"351,",,,Ahmed Nagar,Mirpur,Dhaka
"351/1,",,,Ahmed Nagar,Mirpur,Dhaka
"351/1/A,",,,Ahmed Nagar,Mirpur,Dhaka
"351/2,",,,Ahmed Nagar,Mirpur,Dhaka
"351/2/A,",,,Ahmed Nagar,Mirpur,Dhaka
"351/3,",,,Ahmed Nagar,Mirpur,Dhaka
"351/4,",,,Ahmed Nagar,Mirpur,Dhaka
"351/5,",,,Ahmed Nagar,Mirpur,Dhaka
"351/6,",,,Ahmed Nagar,Mirpur,Dhaka
"351/A,",,,Ahmed Nagar,Mirpur,Dhaka
"352,",,,Ahmed Nagar,Mirpur,Dhaka
"352/1,",,,Ahmed Nagar,Mirpur,Dhaka
"352/2,",,,Ahmed Nagar,Mirpur,Dhaka
"352/3,",,,Ahmed Nagar,Mirpur,Dhaka
"352/4,",,,Ahmed Nagar,Mirpur,Dhaka
"352/5,",,,Ahmed Nagar,Mirpur,Dhaka
"352/6,",,,Ahmed Nagar,Mirpur,Dhaka
"353,",,,Ahmed Nagar,Mirpur,Dhaka
"353/1,",,,Ahmed Nagar,Mirpur,Dhaka
"353/2,",,,Ahmed Nagar,Mirpur,Dhaka
"353/2/1,",,,Ahmed Nagar,Mirpur,Dhaka
"353/2/2,",,,Ahmed Nagar,Mirpur,Dhaka
"353/3,",,,Ahmed Nagar,Mirpur,Dhaka
"353/3/1,",,,Ahmed Nagar,Mirpur,Dhaka
"353/3/2,",,,Ahmed Nagar,Mirpur,Dhaka
"353/4,",,,Ahmed Nagar,Mirpur,Dhaka
"353/4/1,",,,Ahmed Nagar,Mirpur,Dhaka
"353/4/2,",,,Ahmed Nagar,Mirpur,Dhaka
"353/4/A,",,West Ahmed Nagar,Ahmed Nagar,Mirpur,Dhaka
"353/4/B,",,West Ahmed Nagar,Ahmed Nagar,Mirpur,Dhaka
"353/4/C,",,West Ahmed Nagar,Ahmed Nagar,Mirpur,Dhaka
"353/4/D,",,West Ahmed Nagar,Ahmed Nagar,Mirpur,Dhaka
"353/4/E,",,West Ahmed Nagar,Ahmed Nagar,Mirpur,Dhaka
"353/4/F,",,West Ahmed Nagar,Ahmed Nagar,Mirpur,Dhaka
"353/5,",,West Ahmed Nagar,Ahmed Nagar,Mirpur,Dhaka
"353/5,",,,Ahmed Nagar,Mirpur,Dhaka
"353/5/1,",,,Ahmed Nagar,Mirpur,Dhaka
"353/6,",,,Ahmed Nagar,Mirpur,Dhaka
"353/F,",,West Ahmed Nagar,Ahmed Nagar,Mirpur,Dhaka
"354,",,,Ahmed Nagar,Mirpur,Dhaka
"354/1,",,,Ahmed Nagar,Mirpur,Dhaka
"354/12,",,,Ahmed Nagar,Mirpur,Dhaka
"354/2,",,,Ahmed Nagar,Mirpur,Dhaka
"354/3,",,,Ahmed Nagar,Mirpur,Dhaka
"354/4,",,,Ahmed Nagar,Mirpur,Dhaka
"354/5,",,,Ahmed Nagar,Mirpur,Dhaka
"354/6,",,,Ahmed Nagar,Mirpur,Dhaka
"354/7,",,,Ahmed Nagar,Mirpur,Dhaka
"354/8,",,,Ahmed Nagar,Mirpur,Dhaka
"354/9,",,,Ahmed Nagar,Mirpur,Dhaka
"355,",,,Ahmed Nagar,Mirpur,Dhaka
"355/1,",,,Ahmed Nagar,Mirpur,Dhaka
"355/1/1,",,,Ahmed Nagar,Mirpur,Dhaka
"355/2,",,,Ahmed Nagar,Mirpur,Dhaka
"355/3,",,,Ahmed Nagar,Mirpur,Dhaka
"355/4,",,,Ahmed Nagar,Mirpur,Dhaka
"355/5,",,,Ahmed Nagar,Mirpur,Dhaka
"355/6,",,,Ahmed Nagar,Mirpur,Dhaka
"356,",,,Ahmed Nagar,Mirpur,Dhaka
"356/1/1A,",,,Ahmed Nagar,Mirpur,Dhaka
"356/1/A,",Akota Road,,Ahmed Nagar,Mirpur,Dhaka
"356/1-4,",,,Ahmed Nagar,Mirpur,Dhaka
"356/1-A,",,,Ahmed Nagar,Mirpur,Dhaka
"356/3,",Akota Road,,Ahmed Nagar,Mirpur,Dhaka
"357,",,,Ahmed Nagar,Mirpur,Dhaka
"357/1,",,,Ahmed Nagar,Mirpur,Dhaka
"357/A,",Akota Road,,Ahmed Nagar,Mirpur,Dhaka
"357/A,",,,Ahmed Nagar,Mirpur,Dhaka
"357/A/1,",Akota Road,,Ahmed Nagar,Mirpur,Dhaka
"357/D,",Akota Road,,Ahmed Nagar,Mirpur,Dhaka
"357/D/1,",Akota Road,,Ahmed Nagar,Mirpur,Dhaka
"357/D/2,",Akota Road,,Ahmed Nagar,Mirpur,Dhaka
"357/D/3,",Akota Road,,Ahmed Nagar,Mirpur,Dhaka
"357/D/4,",Akota Road,,Ahmed Nagar,Mirpur,Dhaka
"358,",,,Ahmed Nagar,Mirpur,Dhaka
"358/1,",,,Ahmed Nagar,Mirpur,Dhaka
"358/A,",,,Ahmed Nagar,Mirpur,Dhaka
"359,",,,Ahmed Nagar,Mirpur,Dhaka
"359/1,",,,Ahmed Nagar,Mirpur,Dhaka
"359/2,",Imam Uddin Road,Paikpara,Ahmed Nagar,Mirpur,Dhaka
"359/3,",,,Ahmed Nagar,Mirpur,Dhaka
"359/4,",,Paikpara,Ahmed Nagar,Mirpur,Dhaka
"359/5,",Imam Uddin Road,Paikpara,Ahmed Nagar,Mirpur,Dhaka
"359/5,",,,Ahmed Nagar,Mirpur,Dhaka
"36/1,",,East Ahmed Nagar,Ahmed Nagar,Mirpur,Dhaka
"36/1/A,",,East Ahmed Nagar,Ahmed Nagar,Mirpur,Dhaka
"36/3,",,East Ahmed Nagar,Ahmed Nagar,Mirpur,Dhaka
"36/4,",Al Madina Road,East Ahmed Nagar,Ahmed Nagar,Mirpur,Dhaka
"36/6,",Al Madina Road,East Ahmed Nagar,Ahmed Nagar,Mirpur,Dhaka
"36/9,",,East Ahmed Nagar,Ahmed Nagar,Mirpur,Dhaka
"36/A,",,East Ahmed Nagar,Ahmed Nagar,Mirpur,Dhaka
"360,",,,Ahmed Nagar,Mirpur,Dhaka
"360/1,",,,Ahmed Nagar,Mirpur,Dhaka
"360/1/1,",,,Ahmed Nagar,Mirpur,Dhaka
"360/1/2,",,,Ahmed Nagar,Mirpur,Dhaka
"360/1/A,",,,Ahmed Nagar,Mirpur,Dhaka
"360/2/1,",,,Ahmed Nagar,Mirpur,Dhaka
"360/2/2,",,,Ahmed Nagar,Mirpur,Dhaka
"360/3/1,",,,Ahmed Nagar,Mirpur,Dhaka
"360/3/2,",,,Ahmed Nagar,Mirpur,Dhaka
"360/4/1,",,,Ahmed Nagar,Mirpur,Dhaka
"360/4/2,",,,Ahmed Nagar,Mirpur,Dhaka
"360/5/1,",,,Ahmed Nagar,Mirpur,Dhaka
"360/5/2,",,,Ahmed Nagar,Mirpur,Dhaka
"360/6/1,",,,Ahmed Nagar,Mirpur,Dhaka
"360/6/2,",,,Ahmed Nagar,Mirpur,Dhaka
"360/7/1,",,,Ahmed Nagar,Mirpur,Dhaka
"360/7/2,",,,Ahmed Nagar,Mirpur,Dhaka
"360/8/1,",,,Ahmed Nagar,Mirpur,Dhaka
"360/8/2,",,,Ahmed Nagar,Mirpur,Dhaka
"360/9/1,",,,Ahmed Nagar,Mirpur,Dhaka
"360/9/2,",,,Ahmed Nagar,Mirpur,Dhaka
"361/1,",Imam Uddin Road,Paikpara,Ahmed Nagar,Mirpur,Dhaka
"361/2,",Imam Uddin Road,Paikpara,Ahmed Nagar,Mirpur,Dhaka
"361/2,",,,Ahmed Nagar,Mirpur,Dhaka
"361/A,",Imam Uddin Road,Paikpara,Ahmed Nagar,Mirpur,Dhaka
"361/A,",,,Ahmed Nagar,Mirpur,Dhaka
"362,",Imam Uddin Road,Paikpara,Ahmed Nagar,Mirpur,Dhaka
"362,",,,Ahmed Nagar,Mirpur,Dhaka
"363,",,,Ahmed Nagar,Mirpur,Dhaka
"363/1,",,,Ahmed Nagar,Mirpur,Dhaka
"363/2,",,,Ahmed Nagar,Mirpur,Dhaka
"363/3,",,,Ahmed Nagar,Mirpur,Dhaka
"363/4,",,,Ahmed Nagar,Mirpur,Dhaka
"364,",Imam Uddin Road,Paikpara,Ahmed Nagar,Mirpur,Dhaka
"368/14/2,",Jonaki Road,,Ahmed Nagar,Mirpur,Dhaka
"368/3/A/1,",,West Ahmed Nagar,Ahmed Nagar,Mirpur,Dhaka
"368/3/B/2,",,West Ahmed Nagar,Ahmed Nagar,Mirpur,Dhaka
"368/3/B/4,",,West Ahmed Nagar,Ahmed Nagar,Mirpur,Dhaka
"368/3/B/5,",,West Ahmed Nagar,Ahmed Nagar,Mirpur,Dhaka
"369/1,",,West Ahmed Nagar,Ahmed Nagar,Mirpur,Dhaka
"369/2/A,",,West Ahmed Nagar,Ahmed Nagar,Mirpur,Dhaka
"369/B,",,West Ahmed Nagar,Ahmed Nagar,Mirpur,Dhaka
"369/C,",,West Ahmed Nagar,Ahmed Nagar,Mirpur,Dhaka
"369/D/1,",,West Ahmed Nagar,Ahmed Nagar,Mirpur,Dhaka
"369/D/2,",,West Ahmed Nagar,Ahmed Nagar,Mirpur,Dhaka
"369/E,",,West Ahmed Nagar,Ahmed Nagar,Mirpur,Dhaka
"369/E/1,",,West Ahmed Nagar,Ahmed Nagar,Mirpur,Dhaka
"369/E/2,",,West Ahmed Nagar,Ahmed Nagar,Mirpur,Dhaka
"369/E/2/1,",,West Ahmed Nagar,Ahmed Nagar,Mirpur,Dhaka
"369/G,",,West Ahmed Nagar,Ahmed Nagar,Mirpur,Dhaka
"369/H,",,West Ahmed Nagar,Ahmed Nagar,Mirpur,Dhaka
"369/I,",,West Ahmed Nagar,Ahmed Nagar,Mirpur,Dhaka
"37,",,East Ahmed Nagar,Ahmed Nagar,Mirpur,Dhaka
"37/1,",,East Ahmed Nagar,Ahmed Nagar,Mirpur,Dhaka
"37/2/A,",Al Madina Road,East Ahmed Nagar,Ahmed Nagar,Mirpur,Dhaka
"37/3,",,East Ahmed Nagar,Ahmed Nagar,Mirpur,Dhaka
"370,",Imam Uddin Road,Paikpara,Ahmed Nagar,Mirpur,Dhaka
"371/5,",,Paikpara,Ahmed Nagar,Mirpur,Dhaka
"373/4/1,",Jonaki Road,,Ahmed Nagar,Mirpur,Dhaka
"374,",,,Ahmed Nagar,Mirpur,Dhaka
"374/1,",,,Ahmed Nagar,Mirpur,Dhaka
"374/1/1,",,,Ahmed Nagar,Mirpur,Dhaka
"374/1/2,",,,Ahmed Nagar,Mirpur,Dhaka
"374/2/1,",,,Ahmed Nagar,Mirpur,Dhaka
"374/2/2,",,,Ahmed Nagar,Mirpur,Dhaka
"374/3/1,",,,Ahmed Nagar,Mirpur,Dhaka
"374/3/2,",,,Ahmed Nagar,Mirpur,Dhaka
"374/4/1,",,,Ahmed Nagar,Mirpur,Dhaka
"374/4/2,",,,Ahmed Nagar,Mirpur,Dhaka
"374/5,",Imam Uddin Road,Paikpara,Ahmed Nagar,Mirpur,Dhaka
"374/5/1,",,,Ahmed Nagar,Mirpur,Dhaka
"374/5/2,",,,Ahmed Nagar,Mirpur,Dhaka
"374/6/1,",,,Ahmed Nagar,Mirpur,Dhaka
"374/6/2,",,,Ahmed Nagar,Mirpur,Dhaka
"374/7/1,",,,Ahmed Nagar,Mirpur,Dhaka
"374/7/2,",,,Ahmed Nagar,Mirpur,Dhaka
"374/8/1,",,,Ahmed Nagar,Mirpur,Dhaka
"374/8/2,",,,Ahmed Nagar,Mirpur,Dhaka
"374/9/1,",,,Ahmed Nagar,Mirpur,Dhaka
"374/9/2,",,,Ahmed Nagar,Mirpur,Dhaka
"374/9/3,",,,Ahmed Nagar,Mirpur,Dhaka
"374/9/4,",,,Ahmed Nagar,Mirpur,Dhaka
"376,",Imam Uddin Road,Paikpara,Ahmed Nagar,Mirpur,Dhaka
"376,",,,Ahmed Nagar,Mirpur,Dhaka
"376/1,",Imam Uddin Road,Paikpara,Ahmed Nagar,Mirpur,Dhaka
"376/1,",,,Ahmed Nagar,Mirpur,Dhaka
"377,",Imam Uddin Road,Paikpara,Ahmed Nagar,Mirpur,Dhaka
"377,",,,Ahmed Nagar,Mirpur,Dhaka
"377/1,",Imam Uddin Road,Paikpara,Ahmed Nagar,Mirpur,Dhaka
"377/2,",Imam Uddin Road,Paikpara,Ahmed Nagar,Mirpur,Dhaka
"377/3,",Imam Uddin Road,Paikpara,Ahmed Nagar,Mirpur,Dhaka
"379,",Imam Uddin Road,Paikpara,Ahmed Nagar,Mirpur,Dhaka
"379,",,,Ahmed Nagar,Mirpur,Dhaka
"379/1,",Imam Uddin Road,Paikpara,Ahmed Nagar,Mirpur,Dhaka
"38,",Jonaki Road,,Ahmed Nagar,Mirpur,Dhaka
"380,",,,Ahmed Nagar,Mirpur,Dhaka
"380/1/1,",,,Ahmed Nagar,Mirpur,Dhaka
"380/1/2,",,,Ahmed Nagar,Mirpur,Dhaka
"380/10/1,",,,Ahmed Nagar,Mirpur,Dhaka
"380/10/2,",,,Ahmed Nagar,Mirpur,Dhaka
"380/2/1,",,,Ahmed Nagar,Mirpur,Dhaka
"380/2/2,",,,Ahmed Nagar,Mirpur,Dhaka
"380/3/1,",,,Ahmed Nagar,Mirpur,Dhaka
"380/3/2,",,,Ahmed Nagar,Mirpur,Dhaka
"380/4/1,",,,Ahmed Nagar,Mirpur,Dhaka
"380/4/2,",,,Ahmed Nagar,Mirpur,Dhaka
"380/5/1,",,,Ahmed Nagar,Mirpur,Dhaka
"380/5/2,",,,Ahmed Nagar,Mirpur,Dhaka
"380/6/1,",,,Ahmed Nagar,Mirpur,Dhaka
"380/6/2,",,,Ahmed Nagar,Mirpur,Dhaka
"380/7/1,",,,Ahmed Nagar,Mirpur,Dhaka
"380/7/2,",,,Ahmed Nagar,Mirpur,Dhaka
"380/8/1,",,,Ahmed Nagar,Mirpur,Dhaka
"380/8/2,",,,Ahmed Nagar,Mirpur,Dhaka
"380/9/1,",,,Ahmed Nagar,Mirpur,Dhaka
"380/9/2,",,,Ahmed Nagar,Mirpur,Dhaka
"39,",,"Dhan Kheter Moar, East Ahmed Nagar",Ahmed Nagar,Mirpur,Dhaka
"390/1/A,",,,Ahmed Nagar,Mirpur,Dhaka
"392/6,",,,Ahmed Nagar,Mirpur,Dhaka
"4/1,",Al Madina Road,East Ahmed Nagar,Ahmed Nagar,Mirpur,Dhaka
"4/1,",,,Ahmed Nagar,Mirpur,Dhaka
"40,",,"Dhan Kheter Moar, East Ahmed Nagar",Ahmed Nagar,Mirpur,Dhaka
"40/1 /A,",,"Dhan Kheter Moar, East Ahmed Nagar",Ahmed Nagar,Mirpur,Dhaka
"40/1,",,"Dhan Kheter Moar, East Ahmed Nagar",Ahmed Nagar,Mirpur,Dhaka
"40/1/b,",,"Dhan Kheter Moar, East Ahmed Nagar",Ahmed Nagar,Mirpur,Dhaka
"40/2,",,"Dhan Kheter Moar, East Ahmed Nagar",Ahmed Nagar,Mirpur,Dhaka
"40/3,",,"Dhan Kheter Moar, East Ahmed Nagar",Ahmed Nagar,Mirpur,Dhaka
"40/a & 36,",,"Dhan Kheter Moar, East Ahmed Nagar",Ahmed Nagar,Mirpur,Dhaka
"41,",,"Dhan Kheter Moar, East Ahmed Nagar",Ahmed Nagar,Mirpur,Dhaka
"42,",,"Dhan Kheter Moar, East Ahmed Nagar",Ahmed Nagar,Mirpur,Dhaka
"42/1,",,"Dhan Kheter Moar, East Ahmed Nagar",Ahmed Nagar,Mirpur,Dhaka
"42/2,",,"Dhan Kheter Moar, East Ahmed Nagar",Ahmed Nagar,Mirpur,Dhaka
"42/3,",,"Dhan Kheter Moar, East Ahmed Nagar",Ahmed Nagar,Mirpur,Dhaka
"42/4,",,"Dhan Kheter Moar, East Ahmed Nagar",Ahmed Nagar,Mirpur,Dhaka
"42/5,",,"Dhan Kheter Moar, East Ahmed Nagar",Ahmed Nagar,Mirpur,Dhaka
"42/7,",,"Dhan Kheter Moar, East Ahmed Nagar",Ahmed Nagar,Mirpur,Dhaka
"42/a,",,"Dhan Kheter Moar, East Ahmed Nagar",Ahmed Nagar,Mirpur,Dhaka
"42/b,",,"Dhan Kheter Moar, East Ahmed Nagar",Ahmed Nagar,Mirpur,Dhaka
"43,",,"Dhan Kheter Moar, East Ahmed Nagar",Ahmed Nagar,Mirpur,Dhaka
"43/1,",,"Dhan Kheter Moar, East Ahmed Nagar",Ahmed Nagar,Mirpur,Dhaka
"43/2,",,"Dhan Kheter Moar, East Ahmed Nagar",Ahmed Nagar,Mirpur,Dhaka
"44,",,"Dhan Kheter Moar, East Ahmed Nagar",Ahmed Nagar,Mirpur,Dhaka
"45,",,"Dhan Kheter Moar, East Ahmed Nagar",Ahmed Nagar,Mirpur,Dhaka
"45/1,",,"Dhan Kheter Moar, East Ahmed Nagar",Ahmed Nagar,Mirpur,Dhaka
"45/2,",,"Dhan Kheter Moar, East Ahmed Nagar",Ahmed Nagar,Mirpur,Dhaka
"46/1,",,"Dhan Kheter Moar, East Ahmed Nagar",Ahmed Nagar,Mirpur,Dhaka
"46/2,",,"Dhan Kheter Moar, East Ahmed Nagar",Ahmed Nagar,Mirpur,Dhaka
"46/a,",,"Dhan Kheter Moar, East Ahmed Nagar",Ahmed Nagar,Mirpur,Dhaka
"48,",,,Ahmed Nagar,Mirpur,Dhaka
"48/1/a,",,"Dhan Kheter Moar, East Ahmed Nagar",Ahmed Nagar,Mirpur,Dhaka
"5/1,",,,Ahmed Nagar,Mirpur,Dhaka
"5/1/A,",Al Madina Road,East Ahmed Nagar,Ahmed Nagar,Mirpur,Dhaka
"5/1/B,",Al Madina Road,East Ahmed Nagar,Ahmed Nagar,Mirpur,Dhaka
"5/2,",Al Madina Road,East Ahmed Nagar,Ahmed Nagar,Mirpur,Dhaka
"52,",Jonaki Road,,Ahmed Nagar,Mirpur,Dhaka
"52,",,,Ahmed Nagar,Mirpur,Dhaka
"52/1 /C,",,,Ahmed Nagar,Mirpur,Dhaka
"52/1,",Jonaki Road,,Ahmed Nagar,Mirpur,Dhaka
"52/1/A,",Jonaki Road,,Ahmed Nagar,Mirpur,Dhaka
"52/1/A,",,,Ahmed Nagar,Mirpur,Dhaka
"52/1/B,",,,Ahmed Nagar,Mirpur,Dhaka
"52/3 /C,",,,Ahmed Nagar,Mirpur,Dhaka
"52/3/B,",,,Ahmed Nagar,Mirpur,Dhaka
"52/3/E,",,,Ahmed Nagar,Mirpur,Dhaka
"52/4,",,,Ahmed Nagar,Mirpur,Dhaka
"54,",Jonaki Road,,Ahmed Nagar,Mirpur,Dhaka
"54/1,",Jonaki Road,,Ahmed Nagar,Mirpur,Dhaka
"54/1,",Solimuddin Market Road,East Ahmed Nagar,Ahmed Nagar,Mirpur,Dhaka
"54/2,",Jonaki Road,,Ahmed Nagar,Mirpur,Dhaka
"55,",Jonaki Road,,Ahmed Nagar,Mirpur,Dhaka
"55/1,",Jonaki Road,,Ahmed Nagar,Mirpur,Dhaka
"55/1/b,",Jonaki Road,East Ahmed Nagar,Ahmed Nagar,Mirpur,Dhaka
"55/2,",Jonaki Road,,Ahmed Nagar,Mirpur,Dhaka
"56,",Jonaki Road,,Ahmed Nagar,Mirpur,Dhaka
"6/1,",,"Dhan Kheter Moar, East Ahmed Nagar",Ahmed Nagar,Mirpur,Dhaka
"6/1/Ka,",Al Madina Road,East Ahmed Nagar,Ahmed Nagar,Mirpur,Dhaka
"60,",Jonaki Road,East Ahmed Nagar,Ahmed Nagar,Mirpur,Dhaka
"60/1,",Jonaki Road,East Ahmed Nagar,Ahmed Nagar,Mirpur,Dhaka
"61,",Jonaki Road,East Ahmed Nagar,Ahmed Nagar,Mirpur,Dhaka
"61/1,",Jonaki Road,East Ahmed Nagar,Ahmed Nagar,Mirpur,Dhaka
"61/1,",,,Ahmed Nagar,Mirpur,Dhaka
"61/2,",Jonaki Road,East Ahmed Nagar,Ahmed Nagar,Mirpur,Dhaka
"61/3,",Jonaki Road,East Ahmed Nagar,Ahmed Nagar,Mirpur,Dhaka
"62,",Jonaki Road,East Ahmed Nagar,Ahmed Nagar,Mirpur,Dhaka
"62/1,",Jonaki Road,East Ahmed Nagar,Ahmed Nagar,Mirpur,Dhaka
"62/2,",Jonaki Road,East Ahmed Nagar,Ahmed Nagar,Mirpur,Dhaka
"64,",Jonaki Road,East Ahmed Nagar,Ahmed Nagar,Mirpur,Dhaka
"64,",,East Ahmed Nagar,Ahmed Nagar,Mirpur,Dhaka
"65,",Jonaki Road,East Ahmed Nagar,Ahmed Nagar,Mirpur,Dhaka
"66,",Jonaki Road,East Ahmed Nagar,Ahmed Nagar,Mirpur,Dhaka
"66/1,",Jonaki Road,East Ahmed Nagar,Ahmed Nagar,Mirpur,Dhaka
"66/2,",Jonaki Road,East Ahmed Nagar,Ahmed Nagar,Mirpur,Dhaka
"67,",Jonaki Road,East Ahmed Nagar,Ahmed Nagar,Mirpur,Dhaka
"67/1,",Jonaki Road,East Ahmed Nagar,Ahmed Nagar,Mirpur,Dhaka
"67/2,",Jonaki Road,East Ahmed Nagar,Ahmed Nagar,Mirpur,Dhaka
"67/2/A,",Jonaki Road,East Ahmed Nagar,Ahmed Nagar,Mirpur,Dhaka
"67/2/B,",Jonaki Road,East Ahmed Nagar,Ahmed Nagar,Mirpur,Dhaka
"67/2/C,",Jonaki Road,East Ahmed Nagar,Ahmed Nagar,Mirpur,Dhaka
"67/3,",Jonaki Road,East Ahmed Nagar,Ahmed Nagar,Mirpur,Dhaka
"67/4,",Jonaki Road,East Ahmed Nagar,Ahmed Nagar,Mirpur,Dhaka
"68,",Jonaki Road,East Ahmed Nagar,Ahmed Nagar,Mirpur,Dhaka
"69,",Jonaki Road,East Ahmed Nagar,Ahmed Nagar,Mirpur,Dhaka
"70/1,",Jonaki Road,East Ahmed Nagar,Ahmed Nagar,Mirpur,Dhaka
"70/1,",,East Ahmed Nagar,Ahmed Nagar,Mirpur,Dhaka
"70/2,",Jonaki Road,East Ahmed Nagar,Ahmed Nagar,Mirpur,Dhaka
"72,",Jonaki Road,East Ahmed Nagar,Ahmed Nagar,Mirpur,Dhaka
"72/1,",Jonaki Road,East Ahmed Nagar,Ahmed Nagar,Mirpur,Dhaka
"72/2,",Jonaki Road,East Ahmed Nagar,Ahmed Nagar,Mirpur,Dhaka
"73,",Jonaki Road,East Ahmed Nagar,Ahmed Nagar,Mirpur,Dhaka
"73/1,",Jonaki Road,East Ahmed Nagar,Ahmed Nagar,Mirpur,Dhaka
"73/1/a,",Jonaki Road,East Ahmed Nagar,Ahmed Nagar,Mirpur,Dhaka
"73/2,",Jonaki Road,East Ahmed Nagar,Ahmed Nagar,Mirpur,Dhaka
"73/2/b,",Jonaki Road,East Ahmed Nagar,Ahmed Nagar,Mirpur,Dhaka
"73/2/C,",Jonaki Road,East Ahmed Nagar,Ahmed Nagar,Mirpur,Dhaka
"73/2/D,",Jonaki Road,East Ahmed Nagar,Ahmed Nagar,Mirpur,Dhaka
"73/2/D/1,",Jonaki Road,East Ahmed Nagar,Ahmed Nagar,Mirpur,Dhaka
"73/3,",Jonaki Road,East Ahmed Nagar,Ahmed Nagar,Mirpur,Dhaka
"73/4,",Jonaki Road,East Ahmed Nagar,Ahmed Nagar,Mirpur,Dhaka
"73/4/a,",Jonaki Road,East Ahmed Nagar,Ahmed Nagar,Mirpur,Dhaka
"73/5,",Jonaki Road,East Ahmed Nagar,Ahmed Nagar,Mirpur,Dhaka
"73/6,",Jonaki Road,East Ahmed Nagar,Ahmed Nagar,Mirpur,Dhaka
"73/a,",Jonaki Road,East Ahmed Nagar,Ahmed Nagar,Mirpur,Dhaka
"73/A,",Jonaki Road,East Ahmed Nagar,Ahmed Nagar,Mirpur,Dhaka
"73/b,",Jonaki Road,East Ahmed Nagar,Ahmed Nagar,Mirpur,Dhaka
"73/B,",Jonaki Road,East Ahmed Nagar,Ahmed Nagar,Mirpur,Dhaka
"73/b/1,",Jonaki Road,East Ahmed Nagar,Ahmed Nagar,Mirpur,Dhaka
"73/c,",Jonaki Road,East Ahmed Nagar,Ahmed Nagar,Mirpur,Dhaka
"73/C,",Jonaki Road,East Ahmed Nagar,Ahmed Nagar,Mirpur,Dhaka
"73/D,",Jonaki Road,East Ahmed Nagar,Ahmed Nagar,Mirpur,Dhaka
"73/f,",Jonaki Road,East Ahmed Nagar,Ahmed Nagar,Mirpur,Dhaka
"73/g,",Jonaki Road,East Ahmed Nagar,Ahmed Nagar,Mirpur,Dhaka
"73/g/1,",Jonaki Road,East Ahmed Nagar,Ahmed Nagar,Mirpur,Dhaka
"73/G/2,",Jonaki Road,East Ahmed Nagar,Ahmed Nagar,Mirpur,Dhaka
"73/h,",Jonaki Road,East Ahmed Nagar,Ahmed Nagar,Mirpur,Dhaka
"74,",Jonaki Road,East Ahmed Nagar,Ahmed Nagar,Mirpur,Dhaka
"74/1,",Jonaki Road,East Ahmed Nagar,Ahmed Nagar,Mirpur,Dhaka
"74/2,",Jonaki Road,East Ahmed Nagar,Ahmed Nagar,Mirpur,Dhaka
"74/3,",Jonaki Road,East Ahmed Nagar,Ahmed Nagar,Mirpur,Dhaka
"74/4,",Jonaki Road,East Ahmed Nagar,Ahmed Nagar,Mirpur,Dhaka
"75,",Jonaki Road,East Ahmed Nagar,Ahmed Nagar,Mirpur,Dhaka
"75/3,",,East Ahmed Nagar,Ahmed Nagar,Mirpur,Dhaka
"75/4,",,East Ahmed Nagar,Ahmed Nagar,Mirpur,Dhaka
"75/a/1,",Jonaki Road,East Ahmed Nagar,Ahmed Nagar,Mirpur,Dhaka
"76,",Jonaki Road,East Ahmed Nagar,Ahmed Nagar,Mirpur,Dhaka
"76/3,",,East Ahmed Nagar,Ahmed Nagar,Mirpur,Dhaka
"76/4,",Jonaki Road,East Ahmed Nagar,Ahmed Nagar,Mirpur,Dhaka
"77,",Jonaki Road,East Ahmed Nagar,Ahmed Nagar,Mirpur,Dhaka
"77/1,",Jonaki Road,East Ahmed Nagar,Ahmed Nagar,Mirpur,Dhaka
"77/b,",Jonaki Road,East Ahmed Nagar,Ahmed Nagar,Mirpur,Dhaka
"77/B,",Jonaki Road,East Ahmed Nagar,Ahmed Nagar,Mirpur,Dhaka
"77/c,",Jonaki Road,East Ahmed Nagar,Ahmed Nagar,Mirpur,Dhaka
"79,",Jonaki Road,East Ahmed Nagar,Ahmed Nagar,Mirpur,Dhaka
"79/2,",Jonaki Road,East Ahmed Nagar,Ahmed Nagar,Mirpur,Dhaka
"79/3,",Jonaki Road,East Ahmed Nagar,Ahmed Nagar,Mirpur,Dhaka
"79/4,",Jonaki Road,East Ahmed Nagar,Ahmed Nagar,Mirpur,Dhaka
"79/5,",Jonaki Road,East Ahmed Nagar,Ahmed Nagar,Mirpur,Dhaka
"8,",Al Madina Road,East Ahmed Nagar,Ahmed Nagar,Mirpur,Dhaka
"8/1,",Al Madina Road,East Ahmed Nagar,Ahmed Nagar,Mirpur,Dhaka
"8/1/C,",Al Madina Road,East Ahmed Nagar,Ahmed Nagar,Mirpur,Dhaka
"8/2,",Al Madina Road,East Ahmed Nagar,Ahmed Nagar,Mirpur,Dhaka
"8/3,",Al Madina Road,East Ahmed Nagar,Ahmed Nagar,Mirpur,Dhaka
"80,",,East Ahmed Nagar,Ahmed Nagar,Mirpur,Dhaka
"80/1,",,East Ahmed Nagar,Ahmed Nagar,Mirpur,Dhaka
"80/2,",,East Ahmed Nagar,Ahmed Nagar,Mirpur,Dhaka
"80/3,",,East Ahmed Nagar,Ahmed Nagar,Mirpur,Dhaka
"80/Ka,",,East Ahmed Nagar,Ahmed Nagar,Mirpur,Dhaka
"81,",,East Ahmed Nagar,Ahmed Nagar,Mirpur,Dhaka
"81/1,",Jonaki Road,East Ahmed Nagar,Ahmed Nagar,Mirpur,Dhaka
"81/1/1,",Jonaki Road,East Ahmed Nagar,Ahmed Nagar,Mirpur,Dhaka
"81/1/2,",Jonaki Road,East Ahmed Nagar,Ahmed Nagar,Mirpur,Dhaka
"81/1/A,",Jonaki Road,East Ahmed Nagar,Ahmed Nagar,Mirpur,Dhaka
"81/1/B,",Jonaki Road,East Ahmed Nagar,Ahmed Nagar,Mirpur,Dhaka
"81/1/c,",Jonaki Road,East Ahmed Nagar,Ahmed Nagar,Mirpur,Dhaka
"81/1/c/1,",Jonaki Road,East Ahmed Nagar,Ahmed Nagar,Mirpur,Dhaka
"81/1/d,",Jonaki Road,East Ahmed Nagar,Ahmed Nagar,Mirpur,Dhaka
"81/1/E,",Jonaki Road,East Ahmed Nagar,Ahmed Nagar,Mirpur,Dhaka
"81/1/F,",Jonaki Road,East Ahmed Nagar,Ahmed Nagar,Mirpur,Dhaka
"82,",,East Ahmed Nagar,Ahmed Nagar,Mirpur,Dhaka
"82/1,",,East Ahmed Nagar,Ahmed Nagar,Mirpur,Dhaka
"83/1,",,East Ahmed Nagar,Ahmed Nagar,Mirpur,Dhaka
"83/1/KA,",,East Ahmed Nagar,Ahmed Nagar,Mirpur,Dhaka
"83/2,",,East Ahmed Nagar,Ahmed Nagar,Mirpur,Dhaka
"83/A,",,East Ahmed Nagar,Ahmed Nagar,Mirpur,Dhaka
"84,",,East Ahmed Nagar,Ahmed Nagar,Mirpur,Dhaka
"84/1,",,East Ahmed Nagar,Ahmed Nagar,Mirpur,Dhaka
"84/1-84/2,",,East Ahmed Nagar,Ahmed Nagar,Mirpur,Dhaka
"84/2,",,East Ahmed Nagar,Ahmed Nagar,Mirpur,Dhaka
"84/4,",,East Ahmed Nagar,Ahmed Nagar,Mirpur,Dhaka
"84/5,",,East Ahmed Nagar,Ahmed Nagar,Mirpur,Dhaka
"84/6,",,East Ahmed Nagar,Ahmed Nagar,Mirpur,Dhaka
"84/85,",,East Ahmed Nagar,Ahmed Nagar,Mirpur,Dhaka
"87/1,",,East Ahmed Nagar,Ahmed Nagar,Mirpur,Dhaka
"87/2,",,East Ahmed Nagar,Ahmed Nagar,Mirpur,Dhaka
"87/3,",,East Ahmed Nagar,Ahmed Nagar,Mirpur,Dhaka
"88/1,",Jonaki Road,East Ahmed Nagar,Ahmed Nagar,Mirpur,Dhaka
"89,",Jonaki Road,East Ahmed Nagar,Ahmed Nagar,Mirpur,Dhaka
"89/1,",,East Ahmed Nagar,Ahmed Nagar,Mirpur,Dhaka
"89/2,",,East Ahmed Nagar,Ahmed Nagar,Mirpur,Dhaka
"89/2/A,",Pirerbagh Road,East Ahmed Nagar,Ahmed Nagar,Mirpur,Dhaka
"89/2/A,",,East Ahmed Nagar,Ahmed Nagar,Mirpur,Dhaka
"89/3,",,East Ahmed Nagar,Ahmed Nagar,Mirpur,Dhaka
"9,",Al Madina Road,East Ahmed Nagar,Ahmed Nagar,Mirpur,Dhaka
"9/1,",Al Madina Road,East Ahmed Nagar,Ahmed Nagar,Mirpur,Dhaka
"90,",,East Ahmed Nagar,Ahmed Nagar,Mirpur,Dhaka
"91,",Jonaki Road,East Ahmed Nagar,Ahmed Nagar,Mirpur,Dhaka
"91/3,",,East Ahmed Nagar,Ahmed Nagar,Mirpur,Dhaka
"91/4,",,East Ahmed Nagar,Ahmed Nagar,Mirpur,Dhaka
"91/5,",,East Ahmed Nagar,Ahmed Nagar,Mirpur,Dhaka
"91/6,",,East Ahmed Nagar,Ahmed Nagar,Mirpur,Dhaka
"91/7,",,East Ahmed Nagar,Ahmed Nagar,Mirpur,Dhaka
"91/8,",,East Ahmed Nagar,Ahmed Nagar,Mirpur,Dhaka
"92,",Jonaki Road,East Ahmed Nagar,Ahmed Nagar,Mirpur,Dhaka
"92/1,",,East Ahmed Nagar,Ahmed Nagar,Mirpur,Dhaka
"92/2,",,East Ahmed Nagar,Ahmed Nagar,Mirpur,Dhaka
"92/3,",,East Ahmed Nagar,Ahmed Nagar,Mirpur,Dhaka
"92/4,",,East Ahmed Nagar,Ahmed Nagar,Mirpur,Dhaka
"92/5,",,East Ahmed Nagar,Ahmed Nagar,Mirpur,Dhaka
"92/6,",,East Ahmed Nagar,Ahmed Nagar,Mirpur,Dhaka
"93,",,East Ahmed Nagar,Ahmed Nagar,Mirpur,Dhaka
"94,",,East Ahmed Nagar,Ahmed Nagar,Mirpur,Dhaka
"94/1,",,East Ahmed Nagar,Ahmed Nagar,Mirpur,Dhaka
"95,",,East Ahmed Nagar,Ahmed Nagar,Mirpur,Dhaka
"95/1,",Jonaki Road,East Ahmed Nagar,Ahmed Nagar,Mirpur,Dhaka
"95/a,",,East Ahmed Nagar,Ahmed Nagar,Mirpur,Dhaka
"96,",,East Ahmed Nagar,Ahmed Nagar,Mirpur,Dhaka
"97,",,East Ahmed Nagar,Ahmed Nagar,Mirpur,Dhaka
"98,",,East Ahmed Nagar,Ahmed Nagar,Mirpur,Dhaka
"99,",,East Ahmed Nagar,Ahmed Nagar,Mirpur,Dhaka
"99/1,",,East Ahmed Nagar,Ahmed Nagar,Mirpur,Dhaka
"99/1/ka,",,East Ahmed Nagar,Ahmed Nagar,Mirpur,Dhaka
